{
	"song": {
		"player1": "bfAngry",
		"player2": "crewin",
		"notes": [
			{
				"lengthInSteps": 16,
				"sectionNotes": [],
				"mustHitSection": false
			},
			{
				"lengthInSteps": 16,
				"sectionNotes": [],
				"mustHitSection": false
			},
			{
				"lengthInSteps": 16,
				"sectionNotes": [],
				"mustHitSection": false
			},
			{
				"lengthInSteps": 16,
				"sectionNotes": [],
				"mustHitSection": false
			},
			{
				"lengthInSteps": 16,
				"sectionNotes": [],
				"mustHitSection": true
			},
			{
				"lengthInSteps": 16,
				"sectionNotes": [],
				"mustHitSection": true
			},
			{
				"lengthInSteps": 16,
				"sectionNotes": [],
				"mustHitSection": true
			},
			{
				"lengthInSteps": 16,
				"sectionNotes": [],
				"mustHitSection": true
			},
			{
				"lengthInSteps": 16,
				"sectionNotes": [
					[
						14769.2307692308,
						2,
						0
					],
					[
						15000,
						2,
						0
					],
					[
						15576.9230769231,
						3,
						0
					],
					[
						15230.7692307692,
						2,
						0
					],
					[
						15461.5384615385,
						2,
						0
					],
					[
						14884.6153846154,
						0,
						0
					],
					[
						15115.3846153846,
						0,
						0
					],
					[
						15692.3076923077,
						2,
						0
					],
					[
						15807.6923076923,
						1,
						0
					],
					[
						15923.0769230769,
						2,
						0
					],
					[
						16038.4615384615,
						1,
						0
					],
					[
						16153.8461538462,
						2,
						0
					],
					[
						16269.2307692308,
						0,
						0
					],
					[
						16384.6153846154,
						3,
						0
					],
					[
						16500,
						1,
						0
					]
				],
				"mustHitSection": false
			},
			{
				"lengthInSteps": 16,
				"sectionNotes": [
					[
						16615.3846153846,
						2,
						0
					],
					[
						16730.7692307692,
						0,
						0
					],
					[
						16846.1538461538,
						2,
						0
					],
					[
						16961.5384615385,
						0,
						0
					],
					[
						17076.9230769231,
						2,
						0
					],
					[
						17307.6923076923,
						2,
						0
					],
					[
						17423.0769230769,
						1,
						0
					],
					[
						17538.4615384615,
						3,
						0
					],
					[
						17653.8461538462,
						2,
						0
					],
					[
						17769.2307692308,
						0,
						0
					],
					[
						17884.6153846154,
						3,
						0
					],
					[
						18000,
						2,
						0
					],
					[
						18115.3846153846,
						0,
						0
					],
					[
						18346.1538461538,
						0,
						0
					],
					[
						18230.7692307692,
						2,
						0
					]
				],
				"mustHitSection": false
			},
			{
				"lengthInSteps": 16,
				"sectionNotes": [
					[
						18461.5384615385,
						2,
						0
					],
					[
						18692.3076923077,
						2,
						0
					],
					[
						19269.2307692308,
						3,
						0
					],
					[
						18923.0769230769,
						2,
						0
					],
					[
						19153.8461538462,
						2,
						0
					],
					[
						18576.9230769231,
						0,
						0
					],
					[
						18807.6923076923,
						0,
						0
					],
					[
						19384.6153846154,
						2,
						0
					],
					[
						19500,
						1,
						0
					],
					[
						19615.3846153846,
						2,
						0
					],
					[
						19730.7692307692,
						1,
						0
					],
					[
						19846.1538461538,
						2,
						0
					],
					[
						19961.5384615385,
						0,
						0
					],
					[
						20076.9230769231,
						3,
						0
					],
					[
						20192.3076923077,
						1,
						0
					]
				],
				"mustHitSection": false
			},
			{
				"lengthInSteps": 16,
				"sectionNotes": [
					[
						20307.6923076923,
						2,
						0
					],
					[
						20423.0769230769,
						0,
						0
					],
					[
						20538.4615384615,
						2,
						0
					],
					[
						20653.8461538462,
						0,
						0
					],
					[
						20769.2307692308,
						2,
						0
					],
					[
						21000,
						2,
						0
					],
					[
						21115.3846153846,
						1,
						0
					],
					[
						21230.7692307692,
						0,
						0
					],
					[
						21346.1538461538,
						2,
						0
					],
					[
						21461.5384615385,
						3,
						0
					],
					[
						21576.9230769231,
						0,
						0
					],
					[
						21692.3076923077,
						2,
						0
					],
					[
						21807.6923076923,
						3,
						0
					],
					[
						21923.0769230769,
						0,
						0
					],
					[
						22038.4615384615,
						2,
						0
					]
				],
				"mustHitSection": false
			},
			{
				"lengthInSteps": 16,
				"sectionNotes": [
					[
						22153.8461538462,
						2,
						0
					],
					[
						22384.6153846154,
						2,
						0
					],
					[
						22961.5384615385,
						3,
						0
					],
					[
						22615.3846153846,
						2,
						0
					],
					[
						22846.1538461538,
						2,
						0
					],
					[
						22269.2307692308,
						0,
						0
					],
					[
						22500,
						0,
						0
					],
					[
						23076.9230769231,
						2,
						0
					],
					[
						23192.3076923077,
						1,
						0
					],
					[
						23307.6923076923,
						2,
						0
					],
					[
						23423.0769230769,
						1,
						0
					],
					[
						23538.4615384615,
						2,
						0
					],
					[
						23653.8461538462,
						0,
						0
					],
					[
						23769.2307692308,
						3,
						0
					],
					[
						23884.6153846154,
						1,
						0
					]
				],
				"mustHitSection": true
			},
			{
				"lengthInSteps": 16,
				"sectionNotes": [
					[
						24000,
						2,
						0
					],
					[
						24115.3846153846,
						0,
						0
					],
					[
						24230.7692307692,
						2,
						0
					],
					[
						24346.1538461538,
						0,
						0
					],
					[
						24461.5384615385,
						2,
						0
					],
					[
						24692.3076923077,
						2,
						0
					],
					[
						24807.6923076923,
						1,
						0
					],
					[
						24923.0769230769,
						3,
						0
					],
					[
						25038.4615384615,
						2,
						0
					],
					[
						25153.8461538461,
						0,
						0
					],
					[
						25269.2307692308,
						3,
						0
					],
					[
						25384.6153846154,
						2,
						0
					],
					[
						25500,
						0,
						0
					],
					[
						25730.7692307692,
						0,
						0
					],
					[
						25615.3846153846,
						2,
						0
					]
				],
				"sectionBeats": 4,
				"mustHitSection": true
			},
			{
				"lengthInSteps": 16,
				"sectionNotes": [
					[
						25846.1538461538,
						2,
						0
					],
					[
						26076.9230769231,
						2,
						0
					],
					[
						26653.8461538462,
						3,
						0
					],
					[
						26307.6923076923,
						2,
						0
					],
					[
						26538.4615384615,
						2,
						0
					],
					[
						25961.5384615385,
						0,
						0
					],
					[
						26192.3076923077,
						0,
						0
					],
					[
						26769.2307692308,
						2,
						0
					],
					[
						26884.6153846154,
						1,
						0
					],
					[
						27000,
						2,
						0
					],
					[
						27115.3846153846,
						1,
						0
					],
					[
						27230.7692307692,
						2,
						0
					],
					[
						27346.1538461538,
						0,
						0
					],
					[
						27461.5384615385,
						3,
						0
					],
					[
						27576.9230769231,
						1,
						0
					]
				],
				"sectionBeats": 4,
				"mustHitSection": true
			},
			{
				"lengthInSteps": 16,
				"sectionNotes": [
					[
						27692.3076923077,
						2,
						0
					],
					[
						27807.6923076923,
						0,
						0
					],
					[
						27923.0769230769,
						2,
						0
					],
					[
						28038.4615384615,
						0,
						0
					],
					[
						28153.8461538461,
						2,
						0
					],
					[
						28384.6153846154,
						2,
						0
					],
					[
						28500,
						1,
						0
					],
					[
						28615.3846153846,
						0,
						0
					],
					[
						28730.7692307692,
						2,
						0
					],
					[
						28846.1538461538,
						3,
						0
					],
					[
						28961.5384615385,
						0,
						0
					],
					[
						29076.9230769231,
						2,
						0
					],
					[
						29192.3076923077,
						3,
						0
					],
					[
						29307.6923076923,
						0,
						0
					],
					[
						29423.0769230769,
						2,
						0
					]
				],
				"mustHitSection": true
			},
			{
				"lengthInSteps": 16,
				"sectionNotes": [
					[
						29538.4615384615,
						2,
						0
					],
					[
						29769.2307692308,
						2,
						0
					],
					[
						30346.1538461538,
						3,
						0
					],
					[
						30000,
						2,
						0
					],
					[
						30230.7692307692,
						2,
						0
					],
					[
						29653.8461538461,
						0,
						0
					],
					[
						29884.6153846154,
						0,
						0
					],
					[
						30461.5384615385,
						2,
						0
					],
					[
						30576.9230769231,
						1,
						0
					],
					[
						30692.3076923077,
						2,
						0
					],
					[
						30807.6923076923,
						1,
						0
					],
					[
						30923.0769230769,
						2,
						0
					],
					[
						31038.4615384615,
						0,
						0
					],
					[
						31153.8461538461,
						3,
						0
					],
					[
						31269.2307692308,
						1,
						0
					]
				],
				"mustHitSection": false
			},
			{
				"lengthInSteps": 16,
				"sectionNotes": [
					[
						31384.6153846154,
						2,
						0
					],
					[
						31500,
						0,
						0
					],
					[
						31615.3846153846,
						2,
						0
					],
					[
						31730.7692307692,
						0,
						0
					],
					[
						31846.1538461538,
						2,
						0
					],
					[
						32076.9230769231,
						2,
						0
					],
					[
						32192.3076923077,
						1,
						0
					],
					[
						32307.6923076923,
						3,
						0
					],
					[
						32423.0769230769,
						2,
						0
					],
					[
						32538.4615384615,
						0,
						0
					],
					[
						32653.8461538461,
						3,
						0
					],
					[
						32769.2307692308,
						2,
						0
					],
					[
						32884.6153846154,
						0,
						0
					],
					[
						33000,
						2,
						0
					],
					[
						33115.3846153846,
						0,
						0
					]
				],
				"mustHitSection": false
			},
			{
				"lengthInSteps": 16,
				"sectionNotes": [
					[
						33230.7692307692,
						2,
						0
					],
					[
						33461.5384615385,
						2,
						0
					],
					[
						34038.4615384615,
						3,
						0
					],
					[
						33692.3076923077,
						2,
						0
					],
					[
						33923.0769230769,
						2,
						0
					],
					[
						33346.1538461538,
						0,
						0
					],
					[
						33576.9230769231,
						0,
						0
					],
					[
						34153.8461538461,
						2,
						0
					],
					[
						34269.2307692308,
						1,
						0
					],
					[
						34384.6153846154,
						2,
						0
					],
					[
						34500,
						1,
						0
					],
					[
						34615.3846153846,
						2,
						0
					],
					[
						34730.7692307692,
						0,
						0
					],
					[
						34846.1538461538,
						3,
						0
					],
					[
						34961.5384615385,
						1,
						0
					]
				],
				"mustHitSection": false
			},
			{
				"lengthInSteps": 16,
				"sectionNotes": [
					[
						35076.9230769231,
						2,
						0
					],
					[
						35192.3076923077,
						0,
						0
					],
					[
						35307.6923076923,
						2,
						0
					],
					[
						35423.0769230769,
						0,
						0
					],
					[
						35538.4615384615,
						2,
						0
					],
					[
						35769.2307692308,
						2,
						0
					],
					[
						35884.6153846154,
						1,
						0
					],
					[
						36000,
						0,
						0
					],
					[
						36115.3846153846,
						2,
						0
					],
					[
						36230.7692307692,
						3,
						0
					],
					[
						36346.1538461538,
						0,
						0
					],
					[
						36461.5384615385,
						2,
						0
					],
					[
						36576.9230769231,
						3,
						0
					],
					[
						36692.3076923077,
						0,
						0
					],
					[
						36807.6923076923,
						2,
						0
					]
				],
				"mustHitSection": false
			},
			{
				"lengthInSteps": 16,
				"sectionNotes": [
					[
						36923.0769230769,
						2,
						0
					],
					[
						37153.8461538461,
						2,
						0
					],
					[
						37730.7692307692,
						3,
						0
					],
					[
						37384.6153846154,
						2,
						0
					],
					[
						37615.3846153846,
						2,
						0
					],
					[
						37038.4615384615,
						0,
						0
					],
					[
						37269.2307692308,
						0,
						0
					],
					[
						37846.1538461538,
						2,
						0
					],
					[
						37961.5384615385,
						1,
						0
					],
					[
						38076.9230769231,
						2,
						0
					],
					[
						38192.3076923077,
						1,
						0
					],
					[
						38307.6923076923,
						2,
						0
					],
					[
						38423.0769230769,
						0,
						0
					],
					[
						38538.4615384615,
						3,
						0
					],
					[
						38653.8461538461,
						1,
						0
					]
				],
				"mustHitSection": true
			},
			{
				"lengthInSteps": 16,
				"sectionNotes": [
					[
						38769.2307692308,
						2,
						0
					],
					[
						38884.6153846154,
						0,
						0
					],
					[
						39000,
						2,
						0
					],
					[
						39115.3846153846,
						0,
						0
					],
					[
						39230.7692307692,
						2,
						0
					],
					[
						39461.5384615385,
						2,
						0
					],
					[
						39576.9230769231,
						1,
						0
					],
					[
						39692.3076923077,
						3,
						0
					],
					[
						39807.6923076923,
						2,
						0
					],
					[
						39923.0769230769,
						0,
						0
					],
					[
						40038.4615384615,
						3,
						0
					],
					[
						40153.8461538461,
						2,
						0
					],
					[
						40269.2307692308,
						0,
						0
					],
					[
						40384.6153846154,
						2,
						0
					],
					[
						40500,
						0,
						0
					]
				],
				"mustHitSection": true
			},
			{
				"lengthInSteps": 16,
				"sectionNotes": [
					[
						40615.3846153846,
						2,
						0
					],
					[
						40846.1538461538,
						2,
						0
					],
					[
						41423.0769230769,
						3,
						0
					],
					[
						41076.9230769231,
						2,
						0
					],
					[
						41307.6923076923,
						2,
						0
					],
					[
						40730.7692307692,
						0,
						0
					],
					[
						40961.5384615385,
						0,
						0
					],
					[
						41538.4615384615,
						2,
						0
					],
					[
						41653.8461538461,
						1,
						0
					],
					[
						41769.2307692308,
						2,
						0
					],
					[
						41884.6153846154,
						1,
						0
					],
					[
						42000,
						2,
						0
					],
					[
						42115.3846153846,
						0,
						0
					],
					[
						42230.7692307692,
						3,
						0
					],
					[
						42346.1538461538,
						1,
						0
					]
				],
				"mustHitSection": true
			},
			{
				"lengthInSteps": 16,
				"sectionNotes": [
					[
						42461.5384615385,
						2,
						0
					],
					[
						42576.9230769231,
						0,
						0
					],
					[
						42692.3076923077,
						2,
						0
					],
					[
						42807.6923076923,
						0,
						0
					],
					[
						42923.0769230769,
						2,
						0
					],
					[
						43153.8461538461,
						2,
						0
					],
					[
						43269.2307692308,
						1,
						0
					],
					[
						43384.6153846154,
						0,
						0
					],
					[
						43500,
						2,
						0
					],
					[
						43615.3846153846,
						3,
						0
					],
					[
						43730.7692307692,
						0,
						0
					],
					[
						43846.1538461538,
						2,
						0
					],
					[
						43961.5384615385,
						3,
						0
					],
					[
						44076.9230769231,
						0,
						0
					],
					[
						44192.3076923077,
						2,
						0
					]
				],
				"mustHitSection": true
			},
			{
				"lengthInSteps": 16,
				"sectionNotes": [
					[
						44307.6923076923,
						0,
						0
					],
					[
						44538.4615384615,
						2,
						0
					],
					[
						44653.8461538461,
						3,
						0
					],
					[
						44769.2307692308,
						2,
						0
					],
					[
						44884.6153846154,
						1,
						0
					],
					[
						45000,
						3,
						0
					],
					[
						45057.6923076923,
						2,
						0
					],
					[
						45115.3846153846,
						0,
						0
					],
					[
						45173.0769230769,
						1,
						0
					],
					[
						45403.8461538461,
						1,
						0
					],
					[
						45230.7692307692,
						2,
						0
					],
					[
						45692.3076923077,
						3,
						0
					],
					[
						45865.3846153846,
						0,
						0
					],
					[
						45576.9230769231,
						0,
						0
					],
					[
						46038.4615384615,
						2,
						0
					]
				],
				"mustHitSection": false
			},
			{
				"lengthInSteps": 16,
				"sectionNotes": [
					[
						46269.2307692308,
						2,
						0
					],
					[
						46500,
						2,
						0
					],
					[
						46557.6923076923,
						1,
						0
					],
					[
						46615.3846153846,
						0,
						0
					],
					[
						46846.1538461538,
						3,
						0
					],
					[
						47076.9230769231,
						1,
						0
					],
					[
						47250,
						3,
						0
					],
					[
						47423.0769230769,
						0,
						0
					],
					[
						47538.4615384615,
						2,
						0
					],
					[
						47596.1538461538,
						3,
						0
					],
					[
						46730.7692307692,
						1,
						0
					],
					[
						46788.4615384615,
						2,
						0
					],
					[
						46961.5384615385,
						2,
						0
					],
					[
						47653.8461538461,
						1,
						0
					],
					[
						47711.5384615385,
						0,
						0
					],
					[
						47769.2307692308,
						2,
						0
					],
					[
						47884.6153846154,
						0,
						0
					]
				],
				"mustHitSection": false
			},
			{
				"lengthInSteps": 16,
				"sectionNotes": [
					[
						48000,
						2,
						0
					],
					[
						48115.3846153846,
						0,
						0
					],
					[
						48230.7692307692,
						1,
						0
					],
					[
						48346.1538461538,
						3,
						0
					],
					[
						48576.9230769231,
						3,
						0
					],
					[
						48692.3076923077,
						1,
						0
					],
					[
						48807.6923076923,
						3,
						0
					],
					[
						48923.0769230769,
						2,
						0
					],
					[
						49038.4615384615,
						0,
						0
					],
					[
						49153.8461538461,
						1,
						0
					],
					[
						49384.6153846154,
						1,
						0
					],
					[
						49615.3846153846,
						0,
						0
					],
					[
						49730.7692307692,
						1,
						0
					]
				],
				"mustHitSection": false
			},
			{
				"lengthInSteps": 16,
				"sectionNotes": [
					[
						49961.5384615385,
						2,
						0
					],
					[
						50076.9230769231,
						1,
						0
					],
					[
						50307.6923076923,
						0,
						0
					],
					[
						50423.0769230769,
						2,
						0
					],
					[
						50538.4615384615,
						3,
						0
					],
					[
						50653.8461538461,
						1,
						0
					],
					[
						51000,
						1,
						0
					],
					[
						51461.5384615385,
						3,
						0
					],
					[
						51576.9230769231,
						2,
						0
					],
					[
						50769.2307692308,
						2,
						0
					],
					[
						50884.6153846154,
						2,
						0
					],
					[
						51115.3846153846,
						0,
						0
					],
					[
						51230.7692307692,
						0,
						0
					],
					[
						51346.1538461538,
						2,
						0
					]
				],
				"mustHitSection": false
			},
			{
				"lengthInSteps": 16,
				"sectionNotes": [
					[
						51692.3076923077,
						0,
						0
					],
					[
						51923.0769230769,
						2,
						0
					],
					[
						52038.4615384615,
						3,
						0
					],
					[
						52153.8461538462,
						2,
						0
					],
					[
						52269.2307692308,
						1,
						0
					],
					[
						52384.6153846154,
						3,
						0
					],
					[
						52442.3076923077,
						2,
						0
					],
					[
						52500,
						0,
						0
					],
					[
						52557.6923076923,
						1,
						0
					],
					[
						52788.4615384615,
						1,
						0
					],
					[
						52615.3846153846,
						2,
						0
					],
					[
						53076.9230769231,
						3,
						0
					],
					[
						53250,
						0,
						0
					],
					[
						52961.5384615385,
						0,
						0
					],
					[
						53423.0769230769,
						2,
						0
					]
				],
				"mustHitSection": true
			},
			{
				"lengthInSteps": 16,
				"sectionNotes": [
					[
						53653.8461538462,
						2,
						0
					],
					[
						53884.6153846154,
						2,
						0
					],
					[
						53942.3076923077,
						1,
						0
					],
					[
						54000,
						0,
						0
					],
					[
						54230.7692307692,
						3,
						0
					],
					[
						54461.5384615385,
						1,
						0
					],
					[
						54634.6153846154,
						3,
						0
					],
					[
						54807.6923076923,
						0,
						0
					],
					[
						54923.0769230769,
						2,
						0
					],
					[
						54980.7692307692,
						3,
						0
					],
					[
						54115.3846153846,
						1,
						0
					],
					[
						54173.0769230769,
						2,
						0
					],
					[
						54346.1538461538,
						2,
						0
					],
					[
						55038.4615384615,
						1,
						0
					],
					[
						55096.1538461538,
						0,
						0
					],
					[
						55153.8461538461,
						2,
						0
					],
					[
						55269.2307692308,
						0,
						0
					]
				],
				"mustHitSection": true
			},
			{
				"lengthInSteps": 16,
				"sectionNotes": [
					[
						55384.6153846154,
						2,
						0
					],
					[
						55500,
						0,
						0
					],
					[
						55615.3846153846,
						1,
						0
					],
					[
						55730.7692307692,
						3,
						0
					],
					[
						55961.5384615385,
						3,
						0
					],
					[
						56076.9230769231,
						1,
						0
					],
					[
						56192.3076923077,
						3,
						0
					],
					[
						56307.6923076923,
						2,
						0
					],
					[
						56423.0769230769,
						0,
						0
					],
					[
						56538.4615384615,
						1,
						0
					],
					[
						56769.2307692308,
						1,
						0
					],
					[
						57000,
						0,
						0
					],
					[
						57115.3846153846,
						1,
						0
					]
				],
				"mustHitSection": true
			},
			{
				"lengthInSteps": 16,
				"sectionNotes": [
					[
						57346.1538461538,
						2,
						0
					],
					[
						57461.5384615385,
						1,
						0
					],
					[
						57692.3076923077,
						0,
						0
					],
					[
						57807.6923076923,
						2,
						0
					],
					[
						57923.0769230769,
						3,
						0
					],
					[
						58038.4615384615,
						1,
						0
					],
					[
						58384.6153846154,
						1,
						0
					],
					[
						58846.1538461538,
						3,
						0
					],
					[
						58961.5384615385,
						2,
						0
					],
					[
						58153.8461538461,
						2,
						0
					],
					[
						58269.2307692308,
						2,
						0
					],
					[
						58500,
						0,
						0
					],
					[
						58615.3846153846,
						0,
						0
					],
					[
						58730.7692307692,
						2,
						0
					]
				],
				"mustHitSection": true
			},
			{
				"lengthInSteps": 16,
				"sectionNotes": [
					[
						59076.9230769231,
						2,
						0
					],
					[
						59192.3076923077,
						0,
						0
					],
					[
						59307.6923076923,
						3,
						0
					],
					[
						59423.0769230769,
						1,
						0
					],
					[
						59653.8461538461,
						0,
						0
					],
					[
						59769.2307692308,
						1,
						0
					],
					[
						59884.6153846154,
						3,
						0
					],
					[
						60000,
						2,
						0
					],
					[
						60115.3846153846,
						0,
						0
					],
					[
						60230.7692307692,
						3,
						0
					],
					[
						60346.1538461538,
						1,
						0
					],
					[
						60461.5384615384,
						2,
						0
					],
					[
						59538.4615384615,
						2,
						0
					],
					[
						60576.9230769231,
						0,
						0
					],
					[
						60692.3076923077,
						1,
						0
					],
					[
						60807.6923076923,
						3,
						0
					]
				],
				"mustHitSection": false
			},
			{
				"lengthInSteps": 16,
				"sectionNotes": [
					[
						60923.0769230769,
						1,
						0
					],
					[
						61038.4615384615,
						3,
						0
					],
					[
						61153.8461538461,
						0,
						0
					],
					[
						61269.2307692307,
						2,
						0
					],
					[
						61500,
						3,
						0
					],
					[
						61615.3846153846,
						2,
						0
					],
					[
						61730.7692307692,
						0,
						0
					],
					[
						61846.1538461538,
						1,
						0
					],
					[
						61961.5384615384,
						3,
						0
					],
					[
						62076.9230769231,
						0,
						0
					],
					[
						62192.3076923077,
						2,
						0
					],
					[
						62307.6923076923,
						1,
						0
					],
					[
						61384.6153846154,
						1,
						0
					],
					[
						62423.0769230769,
						3,
						0
					],
					[
						62538.4615384615,
						2,
						0
					],
					[
						62653.8461538461,
						0,
						0
					]
				],
				"mustHitSection": false
			},
			{
				"lengthInSteps": 16,
				"sectionNotes": [
					[
						62769.2307692308,
						2,
						0
					],
					[
						62884.6153846154,
						0,
						0
					],
					[
						63000,
						3,
						0
					],
					[
						63115.3846153846,
						1,
						0
					],
					[
						63346.1538461538,
						0,
						0
					],
					[
						63461.5384615384,
						1,
						0
					],
					[
						63576.9230769231,
						3,
						0
					],
					[
						63692.3076923077,
						2,
						0
					],
					[
						63807.6923076923,
						0,
						0
					],
					[
						63923.0769230769,
						3,
						0
					],
					[
						64038.4615384615,
						1,
						0
					],
					[
						64153.8461538461,
						2,
						0
					],
					[
						63230.7692307692,
						2,
						0
					],
					[
						64269.2307692308,
						0,
						0
					],
					[
						64384.6153846154,
						1,
						0
					],
					[
						64500,
						3,
						0
					]
				],
				"mustHitSection": true
			},
			{
				"lengthInSteps": 16,
				"sectionNotes": [
					[
						64615.3846153846,
						1,
						0
					],
					[
						64730.7692307692,
						3,
						0
					],
					[
						64846.1538461538,
						0,
						0
					],
					[
						64961.5384615384,
						2,
						0
					],
					[
						65192.3076923077,
						3,
						0
					],
					[
						65307.6923076923,
						2,
						0
					],
					[
						65423.0769230769,
						0,
						0
					],
					[
						65538.4615384615,
						1,
						0
					],
					[
						65653.8461538461,
						3,
						0
					],
					[
						65769.2307692308,
						0,
						0
					],
					[
						65884.6153846154,
						2,
						0
					],
					[
						66000,
						1,
						0
					],
					[
						65076.9230769231,
						1,
						0
					],
					[
						66115.3846153846,
						3,
						0
					],
					[
						66230.7692307692,
						2,
						0
					],
					[
						66346.1538461538,
						0,
						0
					]
				],
				"mustHitSection": true
			},
			{
				"lengthInSteps": 16,
				"sectionNotes": [
					[
						66692.3076923077,
						0,
						0
					],
					[
						66807.6923076923,
						2,
						0
					],
					[
						67038.4615384615,
						2,
						0
					],
					[
						67153.8461538461,
						3,
						0
					],
					[
						67269.2307692308,
						1,
						0
					],
					[
						67384.6153846154,
						0,
						0
					],
					[
						67500,
						2,
						0
					],
					[
						67615.3846153846,
						3,
						0
					],
					[
						66461.5384615384,
						2,
						0
					],
					[
						66461.5384615384,
						3,
						0
					],
					[
						67846.1538461538,
						0,
						0
					],
					[
						67903.8461538461,
						1,
						0
					],
					[
						67961.5384615384,
						2,
						0
					],
					[
						68019.2307692308,
						3,
						0
					],
					[
						68076.923076923,
						2,
						0
					],
					[
						68134.6153846154,
						1,
						0
					],
					[
						68192.3076923077,
						0,
						0
					],
					[
						68250,
						3,
						0
					],
					[
						67730.7692307692,
						2,
						0
					]
				],
				"mustHitSection": false
			},
			{
				"lengthInSteps": 16,
				"sectionNotes": [
					[
						68307.6923076923,
						0,
						0
					],
					[
						68307.6923076923,
						1,
						0
					],
					[
						68423.0769230769,
						2,
						0
					],
					[
						68538.4615384615,
						3,
						0
					],
					[
						68653.8461538461,
						2,
						0
					],
					[
						68884.6153846154,
						0,
						0
					],
					[
						69000,
						3,
						0
					],
					[
						69115.3846153846,
						2,
						0
					],
					[
						69230.7692307692,
						1,
						0
					],
					[
						69346.1538461538,
						1,
						0
					],
					[
						69576.923076923,
						1,
						0
					],
					[
						68769.2307692308,
						1,
						0
					],
					[
						69692.3076923077,
						0,
						0
					],
					[
						69923.0769230769,
						0,
						0
					],
					[
						70038.4615384615,
						2,
						0
					]
				],
				"mustHitSection": false
			},
			{
				"lengthInSteps": 16,
				"sectionNotes": [
					[
						70153.8461538461,
						0,
						0
					],
					[
						70269.2307692307,
						1,
						0
					],
					[
						70384.6153846154,
						0,
						0
					],
					[
						70500,
						2,
						0
					],
					[
						70615.3846153846,
						3,
						115.384615384615
					],
					[
						71769.2307692307,
						1,
						115.384615384615
					],
					[
						71076.923076923,
						0,
						230.769230769231
					],
					[
						71307.6923076923,
						3,
						115.384615384615
					],
					[
						71538.4615384615,
						2,
						115.384615384615
					]
				],
				"mustHitSection": false
			},
			{
				"lengthInSteps": 16,
				"sectionNotes": [
					[
						72000,
						0,
						0
					],
					[
						72115.3846153846,
						1,
						0
					],
					[
						72230.7692307692,
						0,
						0
					],
					[
						72346.1538461538,
						2,
						0
					],
					[
						72461.5384615384,
						3,
						0
					],
					[
						72576.923076923,
						2,
						0
					],
					[
						72692.3076923077,
						2,
						115.384615384615
					],
					[
						72923.0769230769,
						0,
						0
					],
					[
						73038.4615384615,
						0,
						0
					],
					[
						73153.8461538461,
						3,
						0
					],
					[
						73269.2307692307,
						3,
						0
					],
					[
						73384.6153846154,
						1,
						0
					],
					[
						73500,
						1,
						0
					],
					[
						73615.3846153846,
						2,
						0
					],
					[
						73730.7692307692,
						2,
						0
					]
				],
				"mustHitSection": false
			},
			{
				"lengthInSteps": 16,
				"sectionNotes": [
					[
						74076.9230769231,
						0,
						0
					],
					[
						74192.3076923077,
						2,
						0
					],
					[
						74423.0769230769,
						2,
						0
					],
					[
						74538.4615384615,
						3,
						0
					],
					[
						74653.8461538461,
						1,
						0
					],
					[
						74769.2307692308,
						0,
						0
					],
					[
						74884.6153846154,
						2,
						0
					],
					[
						75000,
						3,
						0
					],
					[
						73846.1538461538,
						2,
						0
					],
					[
						73846.1538461538,
						3,
						0
					],
					[
						75230.7692307692,
						0,
						0
					],
					[
						75288.4615384615,
						1,
						0
					],
					[
						75346.1538461538,
						2,
						0
					],
					[
						75403.8461538461,
						3,
						0
					],
					[
						75461.5384615384,
						2,
						0
					],
					[
						75519.2307692308,
						1,
						0
					],
					[
						75576.9230769231,
						0,
						0
					],
					[
						75634.6153846154,
						3,
						0
					],
					[
						75115.3846153846,
						2,
						0
					]
				],
				"mustHitSection": true
			},
			{
				"lengthInSteps": 16,
				"sectionNotes": [
					[
						75692.3076923077,
						0,
						0
					],
					[
						75692.3076923077,
						1,
						0
					],
					[
						75807.6923076923,
						2,
						0
					],
					[
						75923.0769230769,
						3,
						0
					],
					[
						76038.4615384615,
						2,
						0
					],
					[
						76269.2307692308,
						0,
						0
					],
					[
						76384.6153846154,
						3,
						0
					],
					[
						76500,
						2,
						0
					],
					[
						76615.3846153846,
						1,
						0
					],
					[
						76730.7692307692,
						1,
						0
					],
					[
						76961.5384615384,
						1,
						0
					],
					[
						76153.8461538461,
						1,
						0
					],
					[
						77076.9230769231,
						0,
						0
					],
					[
						77307.6923076923,
						0,
						0
					],
					[
						77423.0769230769,
						2,
						0
					]
				],
				"mustHitSection": true
			},
			{
				"lengthInSteps": 16,
				"sectionNotes": [
					[
						77538.4615384615,
						0,
						0
					],
					[
						77653.8461538461,
						1,
						0
					],
					[
						77769.2307692308,
						0,
						0
					],
					[
						77884.6153846154,
						2,
						0
					],
					[
						78000,
						3,
						115.384615384615
					],
					[
						79153.8461538461,
						1,
						115.384615384615
					],
					[
						78461.5384615384,
						0,
						230.769230769231
					],
					[
						78692.3076923077,
						3,
						115.384615384615
					],
					[
						78923.0769230769,
						2,
						115.384615384615
					]
				],
				"mustHitSection": true
			},
			{
				"lengthInSteps": 16,
				"sectionNotes": [
					[
						79384.6153846154,
						0,
						0
					],
					[
						79500,
						1,
						0
					],
					[
						79615.3846153846,
						0,
						0
					],
					[
						79730.7692307692,
						2,
						0
					],
					[
						79846.1538461538,
						3,
						0
					],
					[
						79961.5384615384,
						2,
						0
					],
					[
						80076.923076923,
						2,
						115.384615384615
					],
					[
						80307.6923076923,
						0,
						0
					],
					[
						80423.0769230769,
						0,
						0
					],
					[
						80538.4615384615,
						3,
						0
					],
					[
						80653.8461538461,
						3,
						0
					],
					[
						80769.2307692308,
						1,
						0
					],
					[
						80884.6153846154,
						1,
						0
					],
					[
						81000,
						2,
						0
					],
					[
						81115.3846153846,
						0,
						0
					]
				],
				"mustHitSection": true
			},
			{
				"lengthInSteps": 16,
				"sectionNotes": [
					[
						81230.7692307692,
						0,
						0
					],
					[
						81461.5384615384,
						2,
						0
					],
					[
						81576.923076923,
						3,
						0
					],
					[
						81692.3076923077,
						2,
						0
					],
					[
						81807.6923076923,
						1,
						0
					],
					[
						81923.0769230769,
						3,
						0
					],
					[
						81980.7692307692,
						2,
						0
					],
					[
						82038.4615384615,
						0,
						0
					],
					[
						82096.1538461538,
						1,
						0
					],
					[
						82326.923076923,
						1,
						0
					],
					[
						82153.8461538461,
						2,
						0
					],
					[
						82615.3846153846,
						3,
						0
					],
					[
						82788.4615384615,
						0,
						0
					],
					[
						82500,
						0,
						0
					],
					[
						82961.5384615384,
						2,
						0
					]
				],
				"mustHitSection": false
			},
			{
				"lengthInSteps": 16,
				"sectionNotes": [
					[
						83192.3076923077,
						2,
						0
					],
					[
						83423.0769230769,
						2,
						0
					],
					[
						83480.7692307692,
						1,
						0
					],
					[
						83538.4615384615,
						0,
						0
					],
					[
						83769.2307692307,
						3,
						0
					],
					[
						84000,
						1,
						0
					],
					[
						84173.0769230769,
						3,
						0
					],
					[
						84346.1538461538,
						0,
						0
					],
					[
						84461.5384615384,
						2,
						0
					],
					[
						84519.2307692307,
						3,
						0
					],
					[
						83653.8461538461,
						1,
						0
					],
					[
						83711.5384615384,
						2,
						0
					],
					[
						83884.6153846154,
						2,
						0
					],
					[
						84576.923076923,
						1,
						0
					],
					[
						84634.6153846154,
						0,
						0
					],
					[
						84692.3076923077,
						2,
						0
					],
					[
						84807.6923076923,
						0,
						0
					]
				],
				"mustHitSection": false
			},
			{
				"lengthInSteps": 16,
				"sectionNotes": [
					[
						84923.0769230769,
						2,
						115.384615384615
					],
					[
						85269.2307692307,
						1,
						115.384615384615
					],
					[
						85615.3846153846,
						3,
						115.384615384615
					],
					[
						85846.1538461538,
						2,
						0
					],
					[
						85961.5384615384,
						2,
						0
					],
					[
						86076.923076923,
						0,
						0
					],
					[
						86192.3076923076,
						0,
						0
					],
					[
						86307.6923076923,
						3,
						0
					],
					[
						86423.0769230769,
						3,
						0
					],
					[
						86538.4615384615,
						1,
						0
					],
					[
						86653.8461538461,
						1,
						0
					]
				],
				"mustHitSection": false
			},
			{
				"lengthInSteps": 16,
				"sectionNotes": [
					[
						87115.3846153846,
						1,
						0
					],
					[
						87230.7692307692,
						2,
						0
					],
					[
						87461.5384615384,
						2,
						0
					],
					[
						87576.923076923,
						3,
						0
					],
					[
						87807.6923076923,
						3,
						0
					],
					[
						87923.0769230769,
						3,
						0
					],
					[
						88153.8461538461,
						0,
						0
					],
					[
						88269.2307692307,
						0,
						0
					],
					[
						88384.6153846153,
						3,
						0
					],
					[
						88500,
						3,
						0
					],
					[
						86769.2307692307,
						3,
						0
					],
					[
						86884.6153846153,
						2,
						0
					]
				],
				"mustHitSection": false
			},
			{
				"lengthInSteps": 16,
				"sectionNotes": [
					[
						88615.3846153846,
						0,
						0
					],
					[
						88846.1538461538,
						2,
						0
					],
					[
						88961.5384615384,
						3,
						0
					],
					[
						89076.9230769231,
						2,
						0
					],
					[
						89192.3076923077,
						1,
						0
					],
					[
						89307.6923076923,
						3,
						0
					],
					[
						89365.3846153846,
						2,
						0
					],
					[
						89423.0769230769,
						0,
						0
					],
					[
						89480.7692307692,
						1,
						0
					],
					[
						89711.5384615384,
						1,
						0
					],
					[
						89538.4615384615,
						2,
						0
					],
					[
						90000,
						3,
						0
					],
					[
						90173.0769230769,
						0,
						0
					],
					[
						89884.6153846154,
						0,
						0
					],
					[
						90346.1538461538,
						2,
						0
					]
				],
				"mustHitSection": true
			},
			{
				"lengthInSteps": 16,
				"sectionNotes": [
					[
						90576.9230769231,
						2,
						0
					],
					[
						90807.6923076923,
						2,
						0
					],
					[
						90865.3846153846,
						1,
						0
					],
					[
						90923.0769230769,
						0,
						0
					],
					[
						91153.8461538461,
						3,
						0
					],
					[
						91384.6153846154,
						1,
						0
					],
					[
						91557.6923076923,
						3,
						0
					],
					[
						91730.7692307692,
						0,
						0
					],
					[
						91846.1538461538,
						2,
						0
					],
					[
						91903.8461538461,
						3,
						0
					],
					[
						91038.4615384615,
						1,
						0
					],
					[
						91096.1538461538,
						2,
						0
					],
					[
						91269.2307692308,
						2,
						0
					],
					[
						91961.5384615384,
						1,
						0
					],
					[
						92019.2307692308,
						0,
						0
					],
					[
						92076.9230769231,
						2,
						0
					],
					[
						92192.3076923077,
						0,
						0
					]
				],
				"mustHitSection": true
			},
			{
				"lengthInSteps": 16,
				"sectionNotes": [
					[
						92307.6923076923,
						2,
						115.384615384615
					],
					[
						92653.8461538461,
						1,
						115.384615384615
					],
					[
						93000,
						3,
						115.384615384615
					],
					[
						93230.7692307692,
						2,
						0
					],
					[
						93346.1538461538,
						2,
						0
					],
					[
						93461.5384615384,
						0,
						0
					],
					[
						93576.923076923,
						0,
						0
					],
					[
						93692.3076923077,
						3,
						0
					],
					[
						93807.6923076923,
						3,
						0
					],
					[
						93923.0769230769,
						1,
						0
					],
					[
						94038.4615384615,
						1,
						0
					]
				],
				"mustHitSection": true
			},
			{
				"lengthInSteps": 16,
				"sectionNotes": [
					[
						94153.8461538461,
						3,
						0
					],
					[
						94269.2307692307,
						3,
						0
					],
					[
						94499.9999999999,
						1,
						0
					],
					[
						94615.3846153846,
						1,
						0
					],
					[
						94846.1538461538,
						2,
						0
					],
					[
						94961.5384615384,
						2,
						0
					],
					[
						95192.3076923076,
						0,
						0
					],
					[
						95307.6923076923,
						0,
						0
					],
					[
						95538.4615384615,
						2,
						0
					],
					[
						95653.8461538461,
						0,
						0
					],
					[
						95769.2307692307,
						3,
						0
					],
					[
						95884.6153846153,
						1,
						0
					]
				],
				"mustHitSection": true
			},
			{
				"lengthInSteps": 16,
				"sectionNotes": [
					[
						96000,
						2,
						0
					],
					[
						96230.7692307692,
						2,
						0
					],
					[
						96807.6923076923,
						3,
						0
					],
					[
						96461.5384615385,
						2,
						0
					],
					[
						96692.3076923077,
						2,
						0
					],
					[
						96115.3846153846,
						0,
						0
					],
					[
						96346.1538461539,
						0,
						0
					],
					[
						96923.0769230769,
						2,
						0
					],
					[
						97038.4615384616,
						1,
						0
					],
					[
						97153.8461538462,
						2,
						0
					],
					[
						97269.2307692308,
						1,
						0
					],
					[
						97384.6153846154,
						2,
						0
					],
					[
						97500,
						0,
						0
					],
					[
						97615.3846153846,
						3,
						0
					],
					[
						97730.7692307692,
						1,
						0
					]
				],
				"mustHitSection": false
			},
			{
				"lengthInSteps": 16,
				"sectionNotes": [
					[
						97846.1538461539,
						2,
						0
					],
					[
						97961.5384615385,
						0,
						0
					],
					[
						98076.9230769231,
						2,
						0
					],
					[
						98192.3076923077,
						0,
						0
					],
					[
						98307.6923076923,
						2,
						0
					],
					[
						98538.4615384616,
						2,
						0
					],
					[
						98653.8461538462,
						1,
						0
					],
					[
						98769.2307692308,
						3,
						0
					],
					[
						98884.6153846154,
						2,
						0
					],
					[
						99000,
						0,
						0
					],
					[
						99115.3846153846,
						3,
						0
					],
					[
						99230.7692307693,
						2,
						0
					],
					[
						99346.1538461539,
						0,
						0
					],
					[
						99461.5384615385,
						2,
						0
					],
					[
						99576.9230769231,
						0,
						0
					]
				],
				"mustHitSection": false
			},
			{
				"lengthInSteps": 16,
				"sectionNotes": [
					[
						99692.3076923077,
						2,
						0
					],
					[
						99923.0769230769,
						2,
						0
					],
					[
						100500,
						3,
						0
					],
					[
						100153.846153846,
						2,
						0
					],
					[
						100384.615384615,
						2,
						0
					],
					[
						99807.6923076923,
						0,
						0
					],
					[
						100038.461538462,
						0,
						0
					],
					[
						100615.384615385,
						2,
						0
					],
					[
						100730.769230769,
						1,
						0
					],
					[
						100846.153846154,
						2,
						0
					],
					[
						100961.538461538,
						1,
						0
					],
					[
						101076.923076923,
						2,
						0
					],
					[
						101192.307692308,
						0,
						0
					],
					[
						101307.692307692,
						3,
						0
					],
					[
						101423.076923077,
						1,
						0
					]
				],
				"mustHitSection": false
			},
			{
				"lengthInSteps": 16,
				"sectionNotes": [
					[
						101538.461538462,
						2,
						0
					],
					[
						101653.846153846,
						0,
						0
					],
					[
						101769.230769231,
						2,
						0
					],
					[
						101884.615384615,
						0,
						0
					],
					[
						102000,
						2,
						0
					],
					[
						102230.769230769,
						2,
						0
					],
					[
						102346.153846154,
						1,
						0
					],
					[
						102461.538461538,
						0,
						0
					],
					[
						102576.923076923,
						2,
						0
					],
					[
						102692.307692308,
						3,
						0
					],
					[
						102807.692307692,
						0,
						0
					],
					[
						102923.076923077,
						2,
						0
					],
					[
						103038.461538462,
						3,
						0
					],
					[
						103153.846153846,
						0,
						0
					],
					[
						103269.230769231,
						2,
						0
					]
				],
				"mustHitSection": false
			},
			{
				"lengthInSteps": 16,
				"sectionNotes": [
					[
						103384.615384615,
						2,
						0
					],
					[
						103615.384615385,
						2,
						0
					],
					[
						104192.307692308,
						3,
						0
					],
					[
						103846.153846154,
						2,
						0
					],
					[
						104076.923076923,
						2,
						0
					],
					[
						103500,
						0,
						0
					],
					[
						103730.769230769,
						0,
						0
					],
					[
						104307.692307692,
						2,
						0
					],
					[
						104423.076923077,
						1,
						0
					],
					[
						104538.461538462,
						2,
						0
					],
					[
						104653.846153846,
						1,
						0
					],
					[
						104769.230769231,
						2,
						0
					],
					[
						104884.615384615,
						0,
						0
					],
					[
						105000,
						3,
						0
					],
					[
						105115.384615385,
						1,
						0
					]
				],
				"mustHitSection": true
			},
			{
				"lengthInSteps": 16,
				"sectionNotes": [
					[
						105230.769230769,
						2,
						0
					],
					[
						105346.153846154,
						0,
						0
					],
					[
						105461.538461538,
						2,
						0
					],
					[
						105576.923076923,
						0,
						0
					],
					[
						105692.307692308,
						2,
						0
					],
					[
						105923.076923077,
						2,
						0
					],
					[
						106038.461538462,
						1,
						0
					],
					[
						106153.846153846,
						3,
						0
					],
					[
						106269.230769231,
						2,
						0
					],
					[
						106384.615384615,
						0,
						0
					],
					[
						106500,
						3,
						0
					],
					[
						106615.384615385,
						2,
						0
					],
					[
						106730.769230769,
						0,
						0
					],
					[
						106846.153846154,
						2,
						0
					],
					[
						106961.538461538,
						0,
						0
					]
				],
				"mustHitSection": true
			},
			{
				"lengthInSteps": 16,
				"sectionNotes": [
					[
						107076.923076923,
						2,
						0
					],
					[
						107307.692307692,
						2,
						0
					],
					[
						107884.615384615,
						3,
						0
					],
					[
						107538.461538462,
						2,
						0
					],
					[
						107769.230769231,
						2,
						0
					],
					[
						107192.307692308,
						0,
						0
					],
					[
						107423.076923077,
						0,
						0
					],
					[
						108000,
						2,
						0
					],
					[
						108115.384615385,
						1,
						0
					],
					[
						108230.769230769,
						2,
						0
					],
					[
						108346.153846154,
						1,
						0
					],
					[
						108461.538461538,
						2,
						0
					],
					[
						108576.923076923,
						0,
						0
					],
					[
						108692.307692308,
						3,
						0
					],
					[
						108807.692307692,
						1,
						0
					]
				],
				"mustHitSection": true
			},
			{
				"lengthInSteps": 16,
				"sectionNotes": [
					[
						108923.076923077,
						2,
						0
					],
					[
						109038.461538462,
						0,
						0
					],
					[
						109153.846153846,
						2,
						0
					],
					[
						109269.230769231,
						0,
						0
					],
					[
						109384.615384615,
						2,
						0
					],
					[
						109615.384615385,
						2,
						0
					],
					[
						109730.769230769,
						1,
						0
					],
					[
						109846.153846154,
						0,
						0
					],
					[
						109961.538461538,
						2,
						0
					],
					[
						110076.923076923,
						3,
						0
					],
					[
						110192.307692308,
						0,
						0
					],
					[
						110307.692307692,
						2,
						0
					],
					[
						110423.076923077,
						3,
						0
					],
					[
						110538.461538462,
						0,
						0
					],
					[
						110653.846153846,
						2,
						0
					]
				],
				"mustHitSection": true
			},
			{
				"lengthInSteps": 16,
				"sectionNotes": [
					[
						110769.230769231,
						0,
						0
					],
					[
						110884.615384615,
						2,
						0
					],
					[
						111000,
						3,
						0
					],
					[
						111115.384615385,
						0,
						0
					],
					[
						111230.769230769,
						2,
						0
					],
					[
						111346.153846154,
						3,
						0
					],
					[
						111461.538461538,
						0,
						0
					],
					[
						111576.923076923,
						2,
						0
					],
					[
						111692.307692308,
						3,
						0
					],
					[
						111807.692307692,
						0,
						0
					],
					[
						111923.076923077,
						2,
						0
					],
					[
						112038.461538461,
						3,
						0
					],
					[
						112153.846153846,
						2,
						115.384615384615
					]
				],
				"mustHitSection": false
			},
			{
				"lengthInSteps": 16,
				"sectionNotes": [
					[
						112615.384615385,
						3,
						0
					],
					[
						112730.769230769,
						2,
						0
					],
					[
						112846.153846154,
						0,
						0
					],
					[
						112961.538461538,
						3,
						0
					],
					[
						113076.923076923,
						2,
						0
					],
					[
						113192.307692308,
						0,
						0
					],
					[
						113307.692307692,
						3,
						0
					],
					[
						113423.076923077,
						2,
						0
					],
					[
						113538.461538461,
						0,
						0
					],
					[
						113653.846153846,
						3,
						0
					],
					[
						113769.230769231,
						2,
						0
					],
					[
						113884.615384615,
						0,
						0
					],
					[
						114000,
						1,
						115.384615384615
					]
				],
				"mustHitSection": false
			},
			{
				"lengthInSteps": 16,
				"sectionNotes": [
					[
						114461.538461538,
						0,
						0
					],
					[
						114576.923076923,
						2,
						0
					],
					[
						114692.307692308,
						3,
						0
					],
					[
						114807.692307692,
						0,
						0
					],
					[
						114923.076923077,
						2,
						0
					],
					[
						115038.461538461,
						3,
						0
					],
					[
						115153.846153846,
						0,
						0
					],
					[
						115269.230769231,
						2,
						0
					],
					[
						115384.615384615,
						3,
						0
					],
					[
						115500,
						0,
						0
					],
					[
						115615.384615385,
						2,
						0
					],
					[
						115730.769230769,
						3,
						0
					],
					[
						115846.153846154,
						2,
						115.384615384615
					]
				],
				"mustHitSection": false
			},
			{
				"lengthInSteps": 16,
				"sectionNotes": [
					[
						116307.692307692,
						3,
						0
					],
					[
						116423.076923077,
						2,
						0
					],
					[
						116538.461538461,
						0,
						0
					],
					[
						116653.846153846,
						3,
						0
					],
					[
						116769.230769231,
						2,
						0
					],
					[
						116884.615384615,
						0,
						0
					],
					[
						117000,
						3,
						0
					],
					[
						117115.384615385,
						2,
						0
					],
					[
						117230.769230769,
						0,
						0
					],
					[
						117346.153846154,
						0,
						0
					],
					[
						117461.538461538,
						3,
						0
					],
					[
						117576.923076923,
						3,
						0
					],
					[
						117692.307692308,
						1,
						115.384615384615
					]
				],
				"mustHitSection": false
			},
			{
				"lengthInSteps": 16,
				"sectionNotes": [
					[
						118269.230769231,
						2,
						0
					],
					[
						118384.615384615,
						3,
						0
					],
					[
						118500,
						1,
						0
					],
					[
						118615.384615385,
						2,
						0
					],
					[
						118730.769230769,
						3,
						0
					],
					[
						118153.846153846,
						0,
						0
					],
					[
						118846.153846154,
						0,
						0
					],
					[
						118961.538461538,
						2,
						0
					],
					[
						119076.923076923,
						3,
						0
					],
					[
						119192.307692308,
						1,
						0
					],
					[
						119307.692307692,
						2,
						0
					],
					[
						119423.076923077,
						3,
						0
					],
					[
						119538.461538461,
						2,
						115.384615384615
					]
				],
				"mustHitSection": false
			},
			{
				"sectionBeats": 4,
				"sectionNotes": [
					[
						120115.384615385,
						1,
						0
					],
					[
						120230.769230769,
						0,
						0
					],
					[
						120346.153846154,
						2,
						0
					],
					[
						120461.538461538,
						1,
						0
					],
					[
						120576.923076923,
						0,
						0
					],
					[
						120000,
						3,
						0
					],
					[
						120692.307692308,
						3,
						0
					],
					[
						120807.692307692,
						1,
						0
					],
					[
						120923.076923077,
						0,
						0
					],
					[
						121038.461538461,
						2,
						0
					],
					[
						121153.846153846,
						1,
						0
					],
					[
						121269.230769231,
						0,
						0
					],
					[
						121384.615384615,
						1,
						115.384615384615
					]
				],
				"typeOfSection": 0,
				"gfSection": false,
				"altAnim": false,
				"mustHitSection": false,
				"changeBPM": false,
				"bpm": 180
			},
			{
				"sectionBeats": 4,
				"sectionNotes": [
					[
						121961.538461538,
						2,
						0
					],
					[
						122076.923076923,
						3,
						0
					],
					[
						122192.307692308,
						1,
						0
					],
					[
						122307.692307692,
						2,
						0
					],
					[
						122423.076923077,
						3,
						0
					],
					[
						121846.153846154,
						0,
						0
					],
					[
						122538.461538461,
						0,
						0
					],
					[
						122653.846153846,
						2,
						0
					],
					[
						122769.230769231,
						3,
						0
					],
					[
						122884.615384615,
						1,
						0
					],
					[
						123000,
						2,
						0
					],
					[
						123115.384615385,
						3,
						0
					],
					[
						123230.769230769,
						2,
						115.384615384615
					]
				],
				"typeOfSection": 0,
				"gfSection": false,
				"altAnim": false,
				"mustHitSection": false,
				"changeBPM": false,
				"bpm": 230
			},
			{
				"sectionBeats": 4,
				"sectionNotes": [
					[
						123807.692307692,
						1,
						0
					],
					[
						123923.076923077,
						0,
						0
					],
					[
						123692.307692308,
						3,
						0
					],
					[
						124038.461538461,
						2,
						0
					],
					[
						124153.846153846,
						1,
						0
					],
					[
						124269.230769231,
						0,
						0
					],
					[
						124384.615384615,
						3,
						0
					],
					[
						124500,
						1,
						0
					],
					[
						124615.384615385,
						2,
						0
					],
					[
						124730.769230769,
						2,
						0
					],
					[
						124846.153846154,
						0,
						0
					],
					[
						124961.538461538,
						0,
						0
					],
					[
						125076.923076923,
						1,
						115.384615384615
					]
				],
				"typeOfSection": 0,
				"gfSection": false,
				"altAnim": false,
				"mustHitSection": false,
				"changeBPM": false,
				"bpm": 230
			},
			{
				"sectionBeats": 4,
				"sectionNotes": [
					[
						125538.461538461,
						0,
						0
					],
					[
						125653.846153846,
						2,
						0
					],
					[
						125769.230769231,
						3,
						0
					],
					[
						125884.615384615,
						0,
						0
					],
					[
						126000,
						2,
						0
					],
					[
						126115.384615385,
						3,
						0
					],
					[
						126230.769230769,
						0,
						0
					],
					[
						126346.153846154,
						2,
						0
					],
					[
						126461.538461538,
						3,
						0
					],
					[
						126576.923076923,
						0,
						0
					],
					[
						126692.307692308,
						2,
						0
					],
					[
						126807.692307692,
						3,
						0
					],
					[
						126923.076923077,
						2,
						115.384615384615
					]
				],
				"typeOfSection": 0,
				"gfSection": false,
				"altAnim": false,
				"mustHitSection": true,
				"changeBPM": false,
				"bpm": 230
			},
			{
				"sectionBeats": 4,
				"sectionNotes": [
					[
						127384.615384615,
						3,
						0
					],
					[
						127500,
						2,
						0
					],
					[
						127615.384615385,
						0,
						0
					],
					[
						127730.769230769,
						3,
						0
					],
					[
						127846.153846154,
						2,
						0
					],
					[
						127961.538461538,
						0,
						0
					],
					[
						128076.923076923,
						3,
						0
					],
					[
						128192.307692308,
						2,
						0
					],
					[
						128307.692307692,
						0,
						0
					],
					[
						128423.076923077,
						3,
						0
					],
					[
						128538.461538461,
						2,
						0
					],
					[
						128653.846153846,
						0,
						0
					],
					[
						128769.230769231,
						1,
						115.384615384615
					]
				],
				"typeOfSection": 0,
				"gfSection": false,
				"altAnim": false,
				"mustHitSection": true,
				"changeBPM": false,
				"bpm": 230
			},
			{
				"sectionBeats": 4,
				"sectionNotes": [
					[
						129230.769230769,
						0,
						0
					],
					[
						129346.153846154,
						2,
						0
					],
					[
						129461.538461538,
						3,
						0
					],
					[
						129576.923076923,
						0,
						0
					],
					[
						129692.307692308,
						2,
						0
					],
					[
						129807.692307692,
						3,
						0
					],
					[
						129923.076923077,
						0,
						0
					],
					[
						130038.461538461,
						2,
						0
					],
					[
						130153.846153846,
						3,
						0
					],
					[
						130269.230769231,
						0,
						0
					],
					[
						130384.615384615,
						2,
						0
					],
					[
						130500,
						3,
						0
					],
					[
						130615.384615385,
						2,
						115.384615384615
					]
				],
				"typeOfSection": 0,
				"gfSection": false,
				"altAnim": false,
				"mustHitSection": true,
				"changeBPM": false,
				"bpm": 115
			},
			{
				"sectionBeats": 4,
				"sectionNotes": [
					[
						131076.923076923,
						3,
						0
					],
					[
						131192.307692308,
						2,
						0
					],
					[
						131307.692307692,
						0,
						0
					],
					[
						131423.076923077,
						3,
						0
					],
					[
						131538.461538461,
						2,
						0
					],
					[
						131653.846153846,
						0,
						0
					],
					[
						131769.230769231,
						3,
						0
					],
					[
						131884.615384615,
						2,
						0
					],
					[
						132000,
						0,
						0
					],
					[
						132115.384615385,
						0,
						0
					],
					[
						132230.769230769,
						3,
						0
					],
					[
						132346.153846154,
						3,
						0
					],
					[
						132461.538461538,
						1,
						115.384615384615
					]
				],
				"typeOfSection": 0,
				"gfSection": false,
				"altAnim": false,
				"mustHitSection": true,
				"changeBPM": false,
				"bpm": 115
			},
			{
				"sectionBeats": 4,
				"sectionNotes": [
					[
						133038.461538461,
						2,
						0
					],
					[
						133153.846153846,
						3,
						0
					],
					[
						133269.230769231,
						1,
						0
					],
					[
						133384.615384615,
						2,
						0
					],
					[
						133500,
						3,
						0
					],
					[
						132923.076923077,
						0,
						0
					],
					[
						133615.384615385,
						0,
						0
					],
					[
						133730.769230769,
						2,
						0
					],
					[
						133846.153846154,
						3,
						0
					],
					[
						133961.538461538,
						1,
						0
					],
					[
						134076.923076923,
						2,
						0
					],
					[
						134192.307692308,
						3,
						0
					],
					[
						134307.692307692,
						2,
						115.384615384615
					]
				],
				"typeOfSection": 0,
				"gfSection": false,
				"altAnim": false,
				"mustHitSection": true,
				"changeBPM": false,
				"bpm": 115
			},
			{
				"sectionBeats": 4,
				"sectionNotes": [
					[
						134884.615384615,
						1,
						0
					],
					[
						135000,
						0,
						0
					],
					[
						135115.384615385,
						2,
						0
					],
					[
						135230.769230769,
						1,
						0
					],
					[
						135346.153846154,
						0,
						0
					],
					[
						134769.230769231,
						3,
						0
					],
					[
						135461.538461538,
						3,
						0
					],
					[
						135576.923076923,
						1,
						0
					],
					[
						135692.307692308,
						0,
						0
					],
					[
						135807.692307692,
						2,
						0
					],
					[
						135923.076923077,
						1,
						0
					],
					[
						136038.461538461,
						0,
						0
					],
					[
						136153.846153846,
						1,
						115.384615384615
					]
				],
				"typeOfSection": 0,
				"gfSection": false,
				"altAnim": false,
				"mustHitSection": true,
				"changeBPM": false,
				"bpm": 115
			},
			{
				"sectionBeats": 4,
				"sectionNotes": [
					[
						136730.769230769,
						2,
						0
					],
					[
						136846.153846154,
						3,
						0
					],
					[
						136961.538461538,
						1,
						0
					],
					[
						137076.923076923,
						2,
						0
					],
					[
						137192.307692308,
						3,
						0
					],
					[
						136615.384615385,
						0,
						0
					],
					[
						137307.692307692,
						0,
						0
					],
					[
						137423.076923077,
						2,
						0
					],
					[
						137538.461538461,
						3,
						0
					],
					[
						137653.846153846,
						1,
						0
					],
					[
						137769.230769231,
						2,
						0
					],
					[
						137884.615384615,
						3,
						0
					],
					[
						138000,
						2,
						115.384615384615
					]
				],
				"typeOfSection": 0,
				"gfSection": false,
				"altAnim": false,
				"mustHitSection": true,
				"changeBPM": false,
				"bpm": 115
			},
			{
				"sectionBeats": 4,
				"sectionNotes": [
					[
						138576.923076923,
						1,
						0
					],
					[
						138692.307692308,
						0,
						0
					],
					[
						138461.538461538,
						3,
						0
					],
					[
						138807.692307692,
						2,
						0
					],
					[
						138923.076923077,
						1,
						0
					],
					[
						139038.461538461,
						0,
						0
					],
					[
						139153.846153846,
						3,
						0
					],
					[
						139269.230769231,
						1,
						0
					],
					[
						139384.615384615,
						2,
						0
					],
					[
						139500,
						2,
						0
					],
					[
						139615.384615385,
						0,
						0
					],
					[
						139730.769230769,
						0,
						0
					],
					[
						139846.153846154,
						1,
						115.384615384615
					]
				],
				"typeOfSection": 0,
				"gfSection": false,
				"altAnim": false,
				"mustHitSection": true,
				"changeBPM": false,
				"bpm": 115
			},
			{
				"sectionBeats": 4,
				"sectionNotes": [
					[
						140307.692307692,
						2,
						0
					],
					[
						140423.076923077,
						0,
						0
					],
					[
						140480.769230769,
						1,
						0
					],
					[
						140538.461538461,
						2,
						0
					],
					[
						140653.846153846,
						1,
						0
					],
					[
						140769.230769231,
						3,
						0
					],
					[
						140826.923076923,
						2,
						0
					],
					[
						140884.615384615,
						1,
						0
					],
					[
						141000,
						2,
						0
					],
					[
						141115.384615385,
						0,
						0
					],
					[
						141173.076923077,
						1,
						0
					],
					[
						141230.769230769,
						2,
						0
					],
					[
						141346.153846154,
						1,
						0
					],
					[
						141461.538461538,
						3,
						0
					],
					[
						141519.230769231,
						2,
						0
					],
					[
						141576.923076923,
						1,
						0
					],
					[
						141692.307692308,
						2,
						230.769230769231
					]
				],
				"typeOfSection": 0,
				"gfSection": false,
				"altAnim": false,
				"mustHitSection": false,
				"changeBPM": false,
				"bpm": 115
			},
			{
				"sectionBeats": 4,
				"sectionNotes": [
					[
						142153.846153846,
						1,
						0
					],
					[
						142269.230769231,
						3,
						0
					],
					[
						142326.923076923,
						2,
						0
					],
					[
						142384.615384615,
						1,
						0
					],
					[
						142500,
						2,
						0
					],
					[
						142615.384615385,
						0,
						0
					],
					[
						142673.076923077,
						1,
						0
					],
					[
						142730.769230769,
						2,
						0
					],
					[
						142846.153846154,
						1,
						0
					],
					[
						142961.538461538,
						3,
						0
					],
					[
						143019.230769231,
						2,
						0
					],
					[
						143076.923076923,
						1,
						0
					],
					[
						143192.307692308,
						2,
						0
					],
					[
						143307.692307692,
						0,
						0
					],
					[
						143365.384615385,
						1,
						0
					],
					[
						143423.076923077,
						2,
						0
					],
					[
						143538.461538461,
						1,
						230.769230769231
					]
				],
				"typeOfSection": 0,
				"gfSection": false,
				"altAnim": false,
				"mustHitSection": false,
				"changeBPM": false,
				"bpm": 115
			},
			{
				"sectionBeats": 4,
				"sectionNotes": [
					[
						144000,
						2,
						0
					],
					[
						144115.384615385,
						0,
						0
					],
					[
						144173.076923077,
						1,
						0
					],
					[
						144230.769230769,
						2,
						0
					],
					[
						144346.153846154,
						1,
						0
					],
					[
						144461.538461538,
						3,
						0
					],
					[
						144519.230769231,
						2,
						0
					],
					[
						144576.923076923,
						1,
						0
					],
					[
						144692.307692308,
						2,
						0
					],
					[
						144807.692307692,
						0,
						0
					],
					[
						144865.384615385,
						1,
						0
					],
					[
						144923.076923077,
						2,
						0
					],
					[
						145038.461538461,
						1,
						0
					],
					[
						145153.846153846,
						3,
						0
					],
					[
						145211.538461538,
						2,
						0
					],
					[
						145269.230769231,
						1,
						0
					],
					[
						145384.615384615,
						2,
						230.769230769231
					]
				],
				"typeOfSection": 0,
				"gfSection": false,
				"altAnim": false,
				"mustHitSection": false,
				"changeBPM": false,
				"bpm": 115
			},
			{
				"sectionBeats": 4,
				"sectionNotes": [
					[
						145846.153846154,
						1,
						0
					],
					[
						145961.538461538,
						3,
						0
					],
					[
						146019.230769231,
						2,
						0
					],
					[
						146076.923076923,
						1,
						0
					],
					[
						146192.307692308,
						2,
						0
					],
					[
						146307.692307692,
						0,
						0
					],
					[
						146365.384615385,
						1,
						0
					],
					[
						146423.076923077,
						2,
						0
					],
					[
						146538.461538461,
						1,
						0
					],
					[
						146653.846153846,
						3,
						0
					],
					[
						146769.230769231,
						0,
						0
					],
					[
						146826.923076923,
						1,
						0
					],
					[
						146884.615384615,
						2,
						0
					],
					[
						147000,
						0,
						0
					],
					[
						147057.692307692,
						1,
						0
					],
					[
						147115.384615385,
						2,
						0
					],
					[
						147230.769230769,
						3,
						115.384615384615
					]
				],
				"typeOfSection": 0,
				"gfSection": false,
				"altAnim": false,
				"mustHitSection": false,
				"changeBPM": false,
				"bpm": 115
			},
			{
				"sectionBeats": 4,
				"sectionNotes": [
					[
						147692.307692308,
						2,
						0
					],
					[
						147923.076923077,
						2,
						0
					],
					[
						148500,
						3,
						0
					],
					[
						148153.846153846,
						2,
						0
					],
					[
						148384.615384615,
						2,
						0
					],
					[
						147807.692307692,
						0,
						0
					],
					[
						148038.461538462,
						0,
						0
					],
					[
						148615.384615385,
						2,
						0
					],
					[
						148730.769230769,
						1,
						0
					],
					[
						148846.153846154,
						2,
						0
					],
					[
						148961.538461538,
						1,
						0
					],
					[
						149076.923076923,
						2,
						0
					],
					[
						149192.307692308,
						0,
						0
					],
					[
						149307.692307692,
						3,
						0
					],
					[
						149423.076923077,
						1,
						0
					],
					[
						147692.307692308,
						6,
						0
					],
					[
						147807.692307692,
						4,
						0
					],
					[
						147865.384615385,
						5,
						0
					],
					[
						147923.076923077,
						6,
						0
					],
					[
						148038.461538461,
						5,
						0
					],
					[
						148153.846153846,
						7,
						0
					],
					[
						148211.538461538,
						6,
						0
					],
					[
						148269.230769231,
						5,
						0
					],
					[
						148384.615384615,
						6,
						0
					],
					[
						148500,
						4,
						0
					],
					[
						148557.692307692,
						5,
						0
					],
					[
						148615.384615385,
						6,
						0
					],
					[
						148730.769230769,
						5,
						0
					],
					[
						148846.153846154,
						7,
						0
					],
					[
						148903.846153846,
						6,
						0
					],
					[
						148961.538461538,
						5,
						0
					],
					[
						149076.923076923,
						6,
						230.769230769231
					]
				],
				"typeOfSection": 0,
				"gfSection": false,
				"altAnim": false,
				"mustHitSection": true,
				"changeBPM": false,
				"bpm": 115
			},
			{
				"sectionBeats": 4,
				"sectionNotes": [
					[
						149538.461538462,
						6,
						0
					],
					[
						149653.846153846,
						4,
						0
					],
					[
						149769.230769231,
						6,
						0
					],
					[
						149884.615384615,
						4,
						0
					],
					[
						150000,
						6,
						0
					],
					[
						150230.769230769,
						6,
						0
					],
					[
						150346.153846154,
						5,
						0
					],
					[
						150461.538461538,
						7,
						0
					],
					[
						150576.923076923,
						6,
						0
					],
					[
						150692.307692308,
						4,
						0
					],
					[
						150807.692307692,
						7,
						0
					],
					[
						150923.076923077,
						6,
						0
					],
					[
						151038.461538462,
						4,
						0
					],
					[
						151153.846153846,
						6,
						0
					],
					[
						151269.230769231,
						4,
						0
					],
					[
						149538.461538461,
						1,
						0
					],
					[
						149653.846153846,
						3,
						0
					],
					[
						149711.538461538,
						2,
						0
					],
					[
						149769.230769231,
						1,
						0
					],
					[
						149884.615384615,
						2,
						0
					],
					[
						150000,
						0,
						0
					],
					[
						150057.692307692,
						1,
						0
					],
					[
						150115.384615384,
						2,
						0
					],
					[
						150230.769230769,
						1,
						0
					],
					[
						150346.153846154,
						3,
						0
					],
					[
						150403.846153846,
						2,
						0
					],
					[
						150461.538461538,
						1,
						0
					],
					[
						150576.923076923,
						2,
						0
					],
					[
						150692.307692308,
						0,
						0
					],
					[
						150750,
						1,
						0
					],
					[
						150807.692307692,
						2,
						0
					],
					[
						150923.076923077,
						1,
						230.769230769231
					]
				],
				"typeOfSection": 0,
				"gfSection": false,
				"altAnim": false,
				"mustHitSection": false,
				"changeBPM": false,
				"bpm": 115
			},
			{
				"typeOfSection": 0,
				"sectionNotes": [
					[
						151384.615384615,
						2,
						0
					],
					[
						151615.384615385,
						2,
						0
					],
					[
						152192.307692308,
						3,
						0
					],
					[
						151846.153846154,
						2,
						0
					],
					[
						152076.923076923,
						2,
						0
					],
					[
						151500,
						0,
						0
					],
					[
						151730.769230769,
						0,
						0
					],
					[
						152307.692307692,
						2,
						0
					],
					[
						152423.076923077,
						1,
						0
					],
					[
						152538.461538462,
						2,
						0
					],
					[
						152653.846153846,
						1,
						0
					],
					[
						152769.230769231,
						2,
						0
					],
					[
						152884.615384615,
						0,
						0
					],
					[
						153000,
						3,
						0
					],
					[
						153115.384615385,
						1,
						0
					],
					[
						151384.615384615,
						6,
						0
					],
					[
						151500,
						4,
						0
					],
					[
						151557.692307692,
						5,
						0
					],
					[
						151615.384615384,
						6,
						0
					],
					[
						151730.769230769,
						5,
						0
					],
					[
						151846.153846154,
						7,
						0
					],
					[
						151903.846153846,
						6,
						0
					],
					[
						151961.538461538,
						5,
						0
					],
					[
						152076.923076923,
						6,
						0
					],
					[
						152192.307692308,
						4,
						0
					],
					[
						152250,
						5,
						0
					],
					[
						152307.692307692,
						6,
						0
					],
					[
						152423.076923077,
						5,
						0
					],
					[
						152538.461538461,
						7,
						0
					],
					[
						152596.153846154,
						6,
						0
					],
					[
						152653.846153846,
						5,
						0
					],
					[
						152769.230769231,
						6,
						230.769230769231
					]
				],
				"sectionBeats": 4,
				"altAnim": false,
				"gfSection": false,
				"bpm": 115,
				"changeBPM": false,
				"mustHitSection": true
			},
			{
				"sectionBeats": 4,
				"sectionNotes": [
					[
						153230.769230769,
						2,
						0
					],
					[
						153346.153846154,
						0,
						0
					],
					[
						153403.846153846,
						1,
						0
					],
					[
						153461.538461538,
						2,
						0
					],
					[
						153576.923076923,
						1,
						0
					],
					[
						153692.307692308,
						3,
						0
					],
					[
						153750,
						2,
						0
					],
					[
						153807.692307692,
						1,
						0
					],
					[
						153923.076923077,
						2,
						0
					],
					[
						154038.461538461,
						0,
						0
					],
					[
						154153.846153846,
						3,
						0
					],
					[
						154211.538461538,
						2,
						0
					],
					[
						154269.230769231,
						1,
						0
					],
					[
						154384.615384615,
						3,
						0
					],
					[
						154442.307692308,
						2,
						0
					],
					[
						154500,
						1,
						0
					],
					[
						154615.384615384,
						2,
						115.384615384615
					],
					[
						153230.769230769,
						6,
						0
					],
					[
						153346.153846154,
						4,
						0
					],
					[
						153461.538461538,
						6,
						0
					],
					[
						153576.923076923,
						4,
						0
					],
					[
						153692.307692308,
						6,
						0
					],
					[
						153923.076923077,
						6,
						0
					],
					[
						154038.461538462,
						5,
						0
					],
					[
						154153.846153846,
						4,
						0
					],
					[
						154269.230769231,
						6,
						0
					],
					[
						154384.615384615,
						7,
						0
					],
					[
						154500,
						4,
						0
					],
					[
						154615.384615385,
						6,
						0
					],
					[
						154730.769230769,
						7,
						0
					],
					[
						154846.153846154,
						4,
						0
					],
					[
						154961.538461538,
						5,
						0
					]
				],
				"typeOfSection": 0,
				"gfSection": false,
				"altAnim": false,
				"mustHitSection": false,
				"changeBPM": false,
				"bpm": 130
			},
			{
				"sectionBeats": 4,
				"sectionNotes": [
					[
						155076.923076923,
						2,
						0
					],
					[
						155192.307692308,
						0,
						0
					],
					[
						155250,
						1,
						0
					],
					[
						155307.692307692,
						2,
						0
					],
					[
						155423.076923077,
						1,
						0
					],
					[
						155538.461538461,
						3,
						0
					],
					[
						155596.153846154,
						2,
						0
					],
					[
						155653.846153846,
						1,
						0
					],
					[
						155769.230769231,
						2,
						0
					],
					[
						155884.615384615,
						0,
						0
					],
					[
						155942.307692308,
						1,
						0
					],
					[
						156000,
						2,
						0
					],
					[
						156115.384615385,
						1,
						0
					],
					[
						156230.769230769,
						3,
						0
					],
					[
						156288.461538461,
						2,
						0
					],
					[
						156346.153846154,
						1,
						0
					],
					[
						156461.538461538,
						2,
						230.769230769231
					]
				],
				"typeOfSection": 0,
				"gfSection": false,
				"altAnim": false,
				"mustHitSection": true,
				"changeBPM": false,
				"bpm": 130
			},
			{
				"sectionBeats": 4,
				"sectionNotes": [
					[
						156923.076923077,
						1,
						0
					],
					[
						157038.461538461,
						3,
						0
					],
					[
						157096.153846154,
						2,
						0
					],
					[
						157153.846153846,
						1,
						0
					],
					[
						157269.230769231,
						2,
						0
					],
					[
						157384.615384615,
						0,
						0
					],
					[
						157442.307692308,
						1,
						0
					],
					[
						157500,
						2,
						0
					],
					[
						157615.384615385,
						1,
						0
					],
					[
						157730.769230769,
						3,
						0
					],
					[
						157788.461538461,
						2,
						0
					],
					[
						157846.153846154,
						1,
						0
					],
					[
						157961.538461538,
						2,
						0
					],
					[
						158076.923076923,
						0,
						0
					],
					[
						158134.615384615,
						1,
						0
					],
					[
						158192.307692308,
						2,
						0
					],
					[
						158307.692307692,
						1,
						230.769230769231
					]
				],
				"typeOfSection": 0,
				"gfSection": false,
				"altAnim": false,
				"mustHitSection": true,
				"changeBPM": false,
				"bpm": 130
			},
			{
				"typeOfSection": 0,
				"sectionNotes": [
					[
						158769.230769231,
						2,
						0
					],
					[
						158884.615384615,
						0,
						0
					],
					[
						158942.307692308,
						1,
						0
					],
					[
						159000,
						2,
						0
					],
					[
						159115.384615385,
						1,
						0
					],
					[
						159230.769230769,
						3,
						0
					],
					[
						159288.461538461,
						2,
						0
					],
					[
						159346.153846154,
						1,
						0
					],
					[
						159461.538461538,
						2,
						0
					],
					[
						159576.923076923,
						0,
						0
					],
					[
						159634.615384615,
						1,
						0
					],
					[
						159692.307692308,
						2,
						0
					],
					[
						159807.692307692,
						1,
						0
					],
					[
						159923.076923077,
						3,
						0
					],
					[
						159980.769230769,
						2,
						0
					],
					[
						160038.461538461,
						1,
						0
					],
					[
						160153.846153846,
						2,
						230.769230769231
					]
				],
				"sectionBeats": 4,
				"altAnim": false,
				"gfSection": false,
				"bpm": 130,
				"changeBPM": false,
				"mustHitSection": true
			},
			{
				"typeOfSection": 0,
				"sectionNotes": [
					[
						160615.384615385,
						1,
						0
					],
					[
						160730.769230769,
						3,
						0
					],
					[
						160788.461538461,
						2,
						0
					],
					[
						160846.153846154,
						1,
						0
					],
					[
						160961.538461538,
						2,
						0
					],
					[
						161076.923076923,
						0,
						0
					],
					[
						161134.615384615,
						1,
						0
					],
					[
						161192.307692308,
						2,
						0
					],
					[
						161307.692307692,
						1,
						0
					],
					[
						161423.076923077,
						3,
						0
					],
					[
						161538.461538461,
						0,
						0
					],
					[
						161596.153846154,
						1,
						0
					],
					[
						161653.846153846,
						2,
						0
					],
					[
						161769.230769231,
						0,
						0
					],
					[
						161826.923076923,
						1,
						0
					],
					[
						161884.615384615,
						2,
						0
					],
					[
						162000,
						3,
						115.384615384615
					]
				],
				"sectionBeats": 4,
				"altAnim": false,
				"gfSection": false,
				"bpm": 130,
				"changeBPM": false,
				"mustHitSection": true
			},
			{
				"typeOfSection": 0,
				"sectionNotes": [
					[
						162461.538461538,
						2,
						0
					],
					[
						162692.307692308,
						2,
						0
					],
					[
						163269.230769231,
						3,
						0
					],
					[
						162923.076923077,
						2,
						0
					],
					[
						163153.846153846,
						2,
						0
					],
					[
						162576.923076923,
						0,
						0
					],
					[
						162807.692307692,
						0,
						0
					],
					[
						163384.615384615,
						2,
						0
					],
					[
						163500,
						1,
						0
					],
					[
						163615.384615385,
						2,
						0
					],
					[
						163730.769230769,
						1,
						0
					],
					[
						163846.153846154,
						2,
						0
					],
					[
						163961.538461538,
						0,
						0
					],
					[
						164076.923076923,
						3,
						0
					],
					[
						164192.307692308,
						1,
						0
					],
					[
						162461.538461538,
						6,
						0
					],
					[
						162576.923076923,
						4,
						0
					],
					[
						162634.615384615,
						5,
						0
					],
					[
						162692.307692308,
						6,
						0
					],
					[
						162807.692307692,
						5,
						0
					],
					[
						162923.076923077,
						7,
						0
					],
					[
						162980.769230769,
						6,
						0
					],
					[
						163038.461538461,
						5,
						0
					],
					[
						163153.846153846,
						6,
						0
					],
					[
						163269.230769231,
						4,
						0
					],
					[
						163326.923076923,
						5,
						0
					],
					[
						163384.615384615,
						6,
						0
					],
					[
						163500,
						5,
						0
					],
					[
						163615.384615385,
						7,
						0
					],
					[
						163673.076923077,
						6,
						0
					],
					[
						163730.769230769,
						5,
						0
					],
					[
						163846.153846154,
						6,
						230.769230769231
					]
				],
				"sectionBeats": 4,
				"altAnim": false,
				"gfSection": false,
				"bpm": 130,
				"changeBPM": false,
				"mustHitSection": false
			},
			{
				"typeOfSection": 0,
				"sectionNotes": [
					[
						164307.692307692,
						6,
						0
					],
					[
						164423.076923077,
						4,
						0
					],
					[
						164538.461538462,
						6,
						0
					],
					[
						164653.846153846,
						4,
						0
					],
					[
						164769.230769231,
						6,
						0
					],
					[
						165000,
						6,
						0
					],
					[
						165115.384615385,
						5,
						0
					],
					[
						165230.769230769,
						7,
						0
					],
					[
						165346.153846154,
						6,
						0
					],
					[
						165461.538461538,
						4,
						0
					],
					[
						165576.923076923,
						7,
						0
					],
					[
						165692.307692308,
						6,
						0
					],
					[
						165807.692307692,
						4,
						0
					],
					[
						165923.076923077,
						6,
						0
					],
					[
						166038.461538462,
						4,
						0
					],
					[
						164307.692307692,
						1,
						0
					],
					[
						164423.076923077,
						3,
						0
					],
					[
						164480.769230769,
						2,
						0
					],
					[
						164538.461538461,
						1,
						0
					],
					[
						164653.846153846,
						2,
						0
					],
					[
						164769.230769231,
						0,
						0
					],
					[
						164826.923076923,
						1,
						0
					],
					[
						164884.615384615,
						2,
						0
					],
					[
						165000,
						1,
						0
					],
					[
						165115.384615385,
						3,
						0
					],
					[
						165173.076923077,
						2,
						0
					],
					[
						165230.769230769,
						1,
						0
					],
					[
						165346.153846154,
						2,
						0
					],
					[
						165461.538461538,
						0,
						0
					],
					[
						165519.230769231,
						1,
						0
					],
					[
						165576.923076923,
						2,
						0
					],
					[
						165692.307692308,
						1,
						230.769230769231
					]
				],
				"sectionBeats": 4,
				"altAnim": false,
				"gfSection": false,
				"bpm": 130,
				"changeBPM": false,
				"mustHitSection": true
			},
			{
				"typeOfSection": 0,
				"sectionNotes": [
					[
						166153.846153846,
						2,
						0
					],
					[
						166384.615384615,
						2,
						0
					],
					[
						166961.538461538,
						3,
						0
					],
					[
						166615.384615385,
						2,
						0
					],
					[
						166846.153846154,
						2,
						0
					],
					[
						166269.230769231,
						0,
						0
					],
					[
						166500,
						0,
						0
					],
					[
						167076.923076923,
						2,
						0
					],
					[
						167192.307692308,
						1,
						0
					],
					[
						167307.692307692,
						2,
						0
					],
					[
						167423.076923077,
						1,
						0
					],
					[
						167538.461538462,
						2,
						0
					],
					[
						167653.846153846,
						0,
						0
					],
					[
						167769.230769231,
						3,
						0
					],
					[
						167884.615384615,
						1,
						0
					],
					[
						166153.846153846,
						6,
						0
					],
					[
						166269.230769231,
						4,
						0
					],
					[
						166326.923076923,
						5,
						0
					],
					[
						166384.615384615,
						6,
						0
					],
					[
						166500,
						5,
						0
					],
					[
						166615.384615385,
						7,
						0
					],
					[
						166673.076923077,
						6,
						0
					],
					[
						166730.769230769,
						5,
						0
					],
					[
						166846.153846154,
						6,
						0
					],
					[
						166961.538461538,
						4,
						0
					],
					[
						167019.230769231,
						5,
						0
					],
					[
						167076.923076923,
						6,
						0
					],
					[
						167192.307692308,
						5,
						0
					],
					[
						167307.692307692,
						7,
						0
					],
					[
						167365.384615385,
						6,
						0
					],
					[
						167423.076923077,
						5,
						0
					],
					[
						167538.461538461,
						6,
						230.769230769231
					]
				],
				"sectionBeats": 4,
				"altAnim": false,
				"gfSection": false,
				"bpm": 130,
				"changeBPM": false,
				"mustHitSection": false
			},
			{
				"typeOfSection": 0,
				"sectionNotes": [
					[
						168000,
						2,
						0
					],
					[
						168115.384615385,
						0,
						0
					],
					[
						168173.076923077,
						1,
						0
					],
					[
						168230.769230769,
						2,
						0
					],
					[
						168346.153846154,
						1,
						0
					],
					[
						168461.538461538,
						3,
						0
					],
					[
						168519.230769231,
						2,
						0
					],
					[
						168576.923076923,
						1,
						0
					],
					[
						168692.307692308,
						2,
						0
					],
					[
						168807.692307692,
						0,
						0
					],
					[
						168923.076923077,
						3,
						0
					],
					[
						168980.769230769,
						2,
						0
					],
					[
						169038.461538461,
						1,
						0
					],
					[
						169153.846153846,
						3,
						0
					],
					[
						169211.538461538,
						2,
						0
					],
					[
						169269.230769231,
						1,
						0
					],
					[
						168000,
						6,
						0
					],
					[
						168115.384615385,
						4,
						0
					],
					[
						168230.769230769,
						6,
						0
					],
					[
						168346.153846154,
						4,
						0
					],
					[
						168461.538461538,
						6,
						0
					],
					[
						168692.307692308,
						6,
						0
					],
					[
						168807.692307692,
						5,
						0
					],
					[
						168923.076923077,
						4,
						0
					],
					[
						169038.461538462,
						6,
						0
					],
					[
						169153.846153846,
						7,
						0
					],
					[
						169269.230769231,
						4,
						0
					],
					[
						169384.615384615,
						6,
						0
					],
					[
						169500,
						7,
						0
					],
					[
						169615.384615385,
						4,
						0
					],
					[
						169730.769230769,
						6,
						0
					],
					[
						169384.615384615,
						2,
						346.153846153846
					]
				],
				"sectionBeats": 4,
				"altAnim": false,
				"gfSection": false,
				"bpm": 130,
				"changeBPM": false,
				"mustHitSection": true
			},
			{
				"typeOfSection": 0,
				"sectionNotes": [
					[
						169846.153846154,
						0,
						3576.92307692308
					],
					[
						169846.153846154,
						1,
						3346.15384615385
					],
					[
						169846.153846154,
						3,
						3461.53846153846
					]
				],
				"sectionBeats": 4,
				"altAnim": false,
				"gfSection": false,
				"bpm": 130,
				"changeBPM": false,
				"mustHitSection": true
			},
			{
				"typeOfSection": 0,
				"sectionNotes": [],
				"sectionBeats": 4,
				"altAnim": false,
				"gfSection": false,
				"bpm": 130,
				"changeBPM": false,
				"mustHitSection": true
			},
			{
				"typeOfSection": 0,
				"sectionNotes": [],
				"sectionBeats": 4,
				"altAnim": false,
				"gfSection": false,
				"bpm": 130,
				"changeBPM": false,
				"mustHitSection": true
			},
			{
				"typeOfSection": 0,
				"sectionNotes": [],
				"sectionBeats": 4,
				"altAnim": false,
				"gfSection": false,
				"bpm": 130,
				"changeBPM": false,
				"mustHitSection": false
			},
			{
				"typeOfSection": 0,
				"sectionNotes": [],
				"sectionBeats": 4,
				"altAnim": false,
				"gfSection": false,
				"bpm": 130,
				"changeBPM": false,
				"mustHitSection": true
			},
			{
				"typeOfSection": 0,
				"sectionNotes": [],
				"sectionBeats": 4,
				"altAnim": false,
				"gfSection": false,
				"bpm": 130,
				"changeBPM": false,
				"mustHitSection": false
			},
			{
				"typeOfSection": 0,
				"sectionNotes": [],
				"sectionBeats": 4,
				"altAnim": false,
				"gfSection": false,
				"bpm": 130,
				"changeBPM": false,
				"mustHitSection": true
			},
			{
				"typeOfSection": 0,
				"sectionNotes": [],
				"sectionBeats": 4,
				"altAnim": false,
				"gfSection": false,
				"bpm": 130,
				"changeBPM": false,
				"mustHitSection": false
			},
			{
				"typeOfSection": 0,
				"sectionNotes": [],
				"sectionBeats": 4,
				"altAnim": false,
				"gfSection": false,
				"bpm": 130,
				"changeBPM": false,
				"mustHitSection": true
			},
			{
				"typeOfSection": 0,
				"sectionNotes": [],
				"sectionBeats": 4,
				"altAnim": false,
				"gfSection": false,
				"bpm": 130,
				"changeBPM": false,
				"mustHitSection": true
			},
			{
				"typeOfSection": 0,
				"sectionNotes": [],
				"sectionBeats": 4,
				"altAnim": false,
				"gfSection": false,
				"bpm": 130,
				"changeBPM": false,
				"mustHitSection": true
			},
			{
				"sectionBeats": 4,
				"sectionNotes": [],
				"typeOfSection": 0,
				"gfSection": false,
				"altAnim": false,
				"mustHitSection": true,
				"changeBPM": false,
				"bpm": 130
			},
			{
				"sectionBeats": 4,
				"sectionNotes": [],
				"typeOfSection": 0,
				"gfSection": false,
				"altAnim": false,
				"mustHitSection": true,
				"changeBPM": false,
				"bpm": 130
			},
			{
				"gfSection": false,
				"altAnim": false,
				"typeOfSection": 0,
				"sectionNotes": [],
				"bpm": 130,
				"sectionBeats": 4,
				"changeBPM": false,
				"mustHitSection": true
			},
			{
				"gfSection": false,
				"altAnim": false,
				"typeOfSection": 0,
				"sectionNotes": [],
				"bpm": 130,
				"sectionBeats": 4,
				"changeBPM": false,
				"mustHitSection": true
			}
		],
		"gfVersion": "gf",
		"events": [],
		"player3": null,
		"song": "discussion",
		"validScore": true,
		"needsVoices": true,
		"stage": "AirshipMeeting",
		"speed": 3.2,
		"bpm": 130
	}
}