{
	"song": {
		"player1": "bf",
		"events": [],
		"gfVersion": "gf",
		"notes": [
			{
				"sectionNotes": [],
				"lengthInSteps": 16,
				"mustHitSection": false
			},
			{
				"sectionNotes": [],
				"lengthInSteps": 16,
				"mustHitSection": false
			},
			{
				"sectionNotes": [],
				"lengthInSteps": 16,
				"mustHitSection": false
			},
			{
				"sectionNotes": [],
				"lengthInSteps": 16,
				"mustHitSection": false
			},
			{
				"sectionNotes": [],
				"lengthInSteps": 16,
				"mustHitSection": true
			},
			{
				"sectionNotes": [],
				"lengthInSteps": 16,
				"mustHitSection": true
			},
			{
				"sectionNotes": [],
				"lengthInSteps": 16,
				"mustHitSection": true
			},
			{
				"sectionNotes": [],
				"lengthInSteps": 16,
				"mustHitSection": true
			},
			{
				"sectionNotes": [
					[
						14769.2307692308,
						2,
						0
					],
					[
						14869,
						2,
						0
					],
					[
						15129,
						3,
						0
					],
					[
						15489,
						2,
						0
					],
					[
						15709,
						1,
						0
					],
					[
						15869,
						3,
						0
					],
					[
						15988,
						0,
						0
					],
					[
						16209,
						2,
						0
					],
					[
						16469,
						1,
						0
					]
				],
				"lengthInSteps": 16,
				"mustHitSection": false
			},
			{
				"sectionNotes": [
					[
						16628,
						2,
						0
					],
					[
						16849,
						1,
						0
					],
					[
						16948,
						2,
						0
					],
					[
						17269,
						0,
						0
					],
					[
						17489,
						3,
						0
					],
					[
						17709,
						0,
						0
					],
					[
						17849,
						2,
						0
					],
					[
						18089,
						0,
						0
					],
					[
						18289,
						3,
						0
					],
					[
						18429,
						1,
						0
					]
				],
				"lengthInSteps": 16,
				"mustHitSection": false
			},
			{
				"sectionNotes": [
					[
						18808,
						2,
						0
					],
					[
						18909,
						1,
						0
					],
					[
						19029,
						3,
						0
					],
					[
						19128,
						0,
						0
					],
					[
						19369,
						2,
						0
					],
					[
						19729,
						1,
						0
					],
					[
						20069,
						3,
						0
					],
					[
						20249,
						0,
						0
					]
				],
				"lengthInSteps": 16,
				"mustHitSection": false
			},
			{
				"sectionNotes": [
					[
						20609,
						3,
						0
					],
					[
						20709,
						0,
						0
					],
					[
						20909,
						2,
						0
					],
					[
						21129,
						0,
						0
					],
					[
						21209,
						2,
						0
					],
					[
						21429,
						0,
						0
					],
					[
						21529,
						2,
						0
					],
					[
						21849,
						1,
						0
					]
				],
				"lengthInSteps": 16,
				"mustHitSection": false
			},
			{
				"sectionNotes": [
					[
						22169,
						3,
						0
					],
					[
						22369,
						0,
						0
					],
					[
						22529,
						3,
						0
					],
					[
						22889,
						1,
						0
					],
					[
						23089,
						2,
						0
					],
					[
						23309,
						1,
						0
					],
					[
						23429,
						2,
						0
					],
					[
						23669,
						1,
						0
					],
					[
						23869,
						3,
						0
					]
				],
				"lengthInSteps": 16,
				"mustHitSection": false
			},
			{
				"sectionBeats": 4,
				"sectionNotes": [
					[
						24009,
						0,
						0
					],
					[
						24209,
						2,
						0
					],
					[
						24329,
						1,
						0
					],
					[
						24689,
						3,
						0
					],
					[
						24909,
						0,
						0
					],
					[
						25169,
						2,
						0
					],
					[
						25309,
						1,
						0
					],
					[
						25509,
						3,
						0
					],
					[
						25749,
						1,
						0
					]
				],
				"lengthInSteps": 16,
				"mustHitSection": false
			},
			{
				"sectionBeats": 4,
				"sectionNotes": [
					[
						25849,
						2,
						0
					],
					[
						26149,
						2,
						0
					],
					[
						26269,
						2,
						0
					],
					[
						26369,
						1,
						0
					],
					[
						26489,
						3,
						0
					],
					[
						26589,
						1,
						0
					],
					[
						26829,
						2,
						0
					],
					[
						27169,
						1,
						0
					],
					[
						27489,
						2,
						0
					],
					[
						27648,
						1,
						0
					]
				],
				"lengthInSteps": 16,
				"mustHitSection": false
			},
			{
				"sectionNotes": [
					[
						27909,
						3,
						0
					],
					[
						27989,
						1,
						0
					],
					[
						28269,
						2,
						0
					],
					[
						28489,
						0,
						0
					],
					[
						28609,
						2,
						0
					],
					[
						28809,
						1,
						0
					],
					[
						28929,
						3,
						0
					],
					[
						29269,
						1,
						0
					],
					[
						29529,
						3,
						0
					]
				],
				"lengthInSteps": 16,
				"mustHitSection": false
			},
			{
				"sectionNotes": [
					[
						29769,
						1,
						0
					],
					[
						29869,
						3,
						0
					],
					[
						30249,
						1,
						0
					],
					[
						30449,
						3,
						0
					],
					[
						30688,
						1,
						0
					],
					[
						30808,
						3,
						0
					],
					[
						31049,
						1,
						0
					],
					[
						31289,
						2,
						0
					]
				],
				"lengthInSteps": 16,
				"mustHitSection": true
			},
			{
				"sectionNotes": [
					[
						31389,
						0,
						0
					],
					[
						31589,
						3,
						0
					],
					[
						31709,
						1,
						0
					],
					[
						32069,
						2,
						0
					],
					[
						32308,
						0,
						0
					],
					[
						32509,
						2,
						0
					],
					[
						32628,
						0,
						0
					],
					[
						32849,
						3,
						0
					],
					[
						33049,
						1,
						0
					],
					[
						33189,
						2,
						0
					]
				],
				"lengthInSteps": 16,
				"mustHitSection": true
			},
			{
				"sectionNotes": [
					[
						33529,
						1,
						0
					],
					[
						33669,
						1,
						0
					],
					[
						33769,
						2,
						0
					],
					[
						33909,
						1,
						0
					],
					[
						34129,
						3,
						0
					],
					[
						34489,
						1,
						0
					],
					[
						34829,
						3,
						0
					],
					[
						35069,
						1,
						0
					]
				],
				"lengthInSteps": 16,
				"mustHitSection": true
			},
			{
				"sectionNotes": [
					[
						35409,
						1,
						0
					],
					[
						35509,
						1,
						0
					],
					[
						35709,
						2,
						0
					],
					[
						35888,
						1,
						0
					],
					[
						35949,
						2,
						0
					],
					[
						36169,
						1,
						0
					],
					[
						36249,
						3,
						0
					],
					[
						36589,
						0,
						0
					]
				],
				"lengthInSteps": 16,
				"mustHitSection": true
			},
			{
				"sectionNotes": [
					[
						36929,
						2,
						0
					],
					[
						37129,
						1,
						0
					],
					[
						37269,
						2,
						0
					],
					[
						37629,
						1,
						0
					],
					[
						37849,
						3,
						0
					],
					[
						38089,
						0,
						0
					],
					[
						38169,
						3,
						0
					],
					[
						38429,
						1,
						0
					],
					[
						38629,
						2,
						0
					]
				],
				"lengthInSteps": 16,
				"mustHitSection": true
			},
			{
				"sectionNotes": [
					[
						38769,
						1,
						0
					],
					[
						38969,
						3,
						0
					],
					[
						39109,
						1,
						0
					],
					[
						39449,
						3,
						0
					],
					[
						39669,
						0,
						0
					],
					[
						39889,
						2,
						0
					],
					[
						40009,
						0,
						0
					],
					[
						40248,
						2,
						0
					],
					[
						40449,
						0,
						0
					],
					[
						40589,
						3,
						0
					]
				],
				"lengthInSteps": 16,
				"mustHitSection": true
			},
			{
				"sectionNotes": [
					[
						40909,
						3,
						0
					],
					[
						41049,
						3,
						0
					],
					[
						41169,
						1,
						0
					],
					[
						41289,
						2,
						0
					],
					[
						41529,
						1,
						0
					],
					[
						41929,
						2,
						0
					],
					[
						42249,
						1,
						0
					]
				],
				"lengthInSteps": 16,
				"mustHitSection": true
			},
			{
				"sectionNotes": [
					[
						42469,
						3,
						0
					],
					[
						42689,
						3,
						0
					],
					[
						42809,
						1,
						0
					],
					[
						43009,
						3,
						0
					],
					[
						43249,
						2,
						0
					],
					[
						43369,
						1,
						0
					],
					[
						43589,
						3,
						0
					],
					[
						43708,
						1,
						0
					],
					[
						44009,
						2,
						0
					]
				],
				"lengthInSteps": 16,
				"mustHitSection": true
			},
			{
				"sectionNotes": [
					[
						44361,
						3,
						0
					],
					[
						44481,
						1,
						0
					],
					[
						44561,
						2,
						0
					],
					[
						44841,
						1,
						0
					],
					[
						44961,
						2,
						0
					],
					[
						45041,
						1,
						0
					],
					[
						45120,
						2,
						0
					],
					[
						45221,
						1,
						0
					],
					[
						45301,
						3,
						0
					],
					[
						45421,
						1,
						0
					],
					[
						45461,
						2,
						0
					],
					[
						45741,
						3,
						0
					],
					[
						45821,
						1,
						0
					],
					[
						45921,
						3,
						0
					],
					[
						46001,
						1,
						0
					],
					[
						46121,
						3,
						0
					]
				],
				"lengthInSteps": 16,
				"mustHitSection": false
			},
			{
				"sectionNotes": [
					[
						46221,
						1,
						0
					],
					[
						46321,
						2,
						0
					],
					[
						46461,
						1,
						0
					],
					[
						46641,
						2,
						0
					],
					[
						46741,
						1,
						0
					],
					[
						46861,
						3,
						0
					],
					[
						46981,
						1,
						0
					],
					[
						47080,
						2,
						0
					],
					[
						47161,
						1,
						0
					],
					[
						47281,
						3,
						0
					],
					[
						47521,
						3,
						0
					],
					[
						47641,
						2,
						0
					],
					[
						47721,
						1,
						0
					]
				],
				"lengthInSteps": 16,
				"mustHitSection": false
			},
			{
				"sectionNotes": [
					[
						48021,
						3,
						0
					],
					[
						48141,
						1,
						0
					],
					[
						48341,
						3,
						0
					],
					[
						48481,
						1,
						0
					],
					[
						48641,
						3,
						0
					],
					[
						48761,
						0,
						0
					],
					[
						48901,
						2,
						0
					],
					[
						49021,
						0,
						0
					],
					[
						49260,
						2,
						0
					],
					[
						49361,
						0,
						0
					],
					[
						49601,
						3,
						0
					],
					[
						49741,
						1,
						0
					],
					[
						49841,
						2,
						0
					]
				],
				"lengthInSteps": 16,
				"mustHitSection": false
			},
			{
				"sectionNotes": [
					[
						49961,
						1,
						0
					],
					[
						50181,
						2,
						0
					],
					[
						50301,
						1,
						0
					],
					[
						50521,
						2,
						0
					],
					[
						50641,
						1,
						0
					],
					[
						50760,
						2,
						0
					],
					[
						50881,
						0,
						0
					],
					[
						51121,
						3,
						0
					],
					[
						51261,
						1,
						0
					],
					[
						51361,
						2,
						0
					],
					[
						51581,
						1,
						0
					]
				],
				"lengthInSteps": 16,
				"mustHitSection": false
			},
			{
				"sectionNotes": [
					[
						51741,
						3,
						0
					],
					[
						51861,
						1,
						0
					],
					[
						51921,
						2,
						0
					],
					[
						52241,
						3,
						0
					],
					[
						52341,
						1,
						0
					],
					[
						52441,
						2,
						0
					],
					[
						52561,
						0,
						0
					],
					[
						52681,
						2,
						0
					],
					[
						52801,
						1,
						0
					],
					[
						52901,
						3,
						0
					],
					[
						53121,
						2,
						0
					],
					[
						53201,
						1,
						0
					],
					[
						53301,
						3,
						0
					],
					[
						53421,
						1,
						0
					],
					[
						53521,
						2,
						0
					]
				],
				"lengthInSteps": 16,
				"mustHitSection": false
			},
			{
				"sectionNotes": [
					[
						53601,
						0,
						0
					],
					[
						53741,
						3,
						0
					],
					[
						53981,
						2,
						0
					],
					[
						54101,
						1,
						0
					],
					[
						54201,
						3,
						0
					],
					[
						54321,
						0,
						0
					],
					[
						54481,
						2,
						0
					],
					[
						54581,
						0,
						0
					],
					[
						54701,
						3,
						0
					],
					[
						54940,
						2,
						0
					],
					[
						55041,
						0,
						0
					],
					[
						55160,
						3,
						0
					]
				],
				"lengthInSteps": 16,
				"mustHitSection": false
			},
			{
				"sectionNotes": [
					[
						55401,
						3,
						0
					],
					[
						55521,
						1,
						0
					],
					[
						55741,
						3,
						0
					],
					[
						55861,
						1,
						0
					],
					[
						56081,
						2,
						0
					],
					[
						56341,
						0,
						0
					],
					[
						56401,
						3,
						0
					],
					[
						56781,
						2,
						0
					],
					[
						56841,
						0,
						0
					],
					[
						57041,
						2,
						0
					],
					[
						57141,
						0,
						0
					]
				],
				"lengthInSteps": 16,
				"mustHitSection": false
			},
			{
				"sectionNotes": [
					[
						57281,
						2,
						0
					],
					[
						57361,
						0,
						0
					],
					[
						57581,
						2,
						0
					],
					[
						57681,
						1,
						0
					],
					[
						57881,
						2,
						0
					],
					[
						57981,
						1,
						0
					],
					[
						58101,
						2,
						0
					],
					[
						58201,
						1,
						0
					],
					[
						58481,
						2,
						0
					],
					[
						58601,
						1,
						0
					],
					[
						58721,
						2,
						0
					],
					[
						58921,
						0,
						0
					]
				],
				"lengthInSteps": 16,
				"mustHitSection": false
			},
			{
				"sectionNotes": [
					[
						59080,
						3,
						0
					],
					[
						59201,
						1,
						0
					],
					[
						59261,
						2,
						0
					],
					[
						59541,
						2,
						0
					],
					[
						59660,
						0,
						0
					],
					[
						59761,
						2,
						0
					],
					[
						59900,
						0,
						0
					],
					[
						60001,
						2,
						0
					],
					[
						60121,
						1,
						0
					],
					[
						60221,
						3,
						0
					],
					[
						60461,
						3,
						0
					],
					[
						60621,
						1,
						0
					],
					[
						60760,
						0,
						0
					],
					[
						60861,
						2,
						0
					],
					[
						60530.7692307692,
						2,
						0
					]
				],
				"lengthInSteps": 16,
				"mustHitSection": true
			},
			{
				"sectionNotes": [
					[
						60981,
						0,
						0
					],
					[
						61081,
						2,
						0
					],
					[
						61361,
						3,
						0
					],
					[
						61481,
						1,
						0
					],
					[
						61581,
						2,
						0
					],
					[
						61700,
						0,
						0
					],
					[
						61841,
						2,
						0
					],
					[
						61940,
						1,
						0
					],
					[
						62061,
						3,
						0
					],
					[
						62321,
						2,
						0
					],
					[
						62421,
						1,
						0
					],
					[
						62541,
						3,
						0
					]
				],
				"lengthInSteps": 16,
				"mustHitSection": true
			},
			{
				"sectionNotes": [
					[
						62781,
						3,
						0
					],
					[
						62921,
						1,
						0
					],
					[
						63121,
						3,
						0
					],
					[
						63240,
						1,
						0
					],
					[
						63441,
						2,
						0
					],
					[
						63580,
						0,
						0
					],
					[
						63660,
						2,
						0
					],
					[
						63760,
						1,
						0
					],
					[
						64400,
						3,
						0
					],
					[
						64541,
						0,
						0
					],
					[
						64050,
						2,
						0
					],
					[
						64148.0769230769,
						1,
						0
					]
				],
				"lengthInSteps": 16,
				"mustHitSection": true
			},
			{
				"sectionNotes": [
					[
						64641,
						2,
						0
					],
					[
						64741,
						1,
						0
					],
					[
						64961,
						2,
						0
					],
					[
						65041,
						1,
						0
					],
					[
						65260,
						3,
						0
					],
					[
						65381,
						0,
						0
					],
					[
						65521,
						2,
						0
					],
					[
						65640,
						0,
						0
					],
					[
						65921,
						2,
						0
					],
					[
						66021,
						1,
						0
					],
					[
						66140,
						3,
						0
					],
					[
						66341,
						2,
						0
					]
				],
				"lengthInSteps": 16,
				"mustHitSection": true
			},
			{
				"sectionNotes": [
					[
						66481,
						1,
						0
					],
					[
						66561,
						2,
						0
					],
					[
						66681,
						0,
						0
					],
					[
						66881,
						2,
						0
					],
					[
						67041,
						1,
						0
					],
					[
						67121,
						3,
						0
					],
					[
						67241,
						1,
						0
					],
					[
						67321,
						3,
						0
					],
					[
						67461,
						2,
						0
					],
					[
						67541,
						1,
						0
					],
					[
						67801,
						2,
						0
					],
					[
						67881,
						1,
						0
					],
					[
						68001,
						2,
						0
					],
					[
						68121,
						1,
						0
					],
					[
						68261,
						2,
						0
					]
				],
				"lengthInSteps": 16,
				"mustHitSection": true
			},
			{
				"sectionNotes": [
					[
						68401,
						1,
						0
					],
					[
						68481,
						3,
						0
					],
					[
						68761,
						2,
						0
					],
					[
						68881,
						1,
						0
					],
					[
						69021,
						2,
						0
					],
					[
						69101,
						1,
						0
					],
					[
						69220,
						2,
						0
					],
					[
						69341,
						0,
						0
					],
					[
						69441,
						3,
						0
					],
					[
						69661,
						3,
						0
					],
					[
						69801,
						1,
						0
					],
					[
						69861,
						2,
						0
					],
					[
						70141,
						3,
						0
					]
				],
				"lengthInSteps": 16,
				"mustHitSection": true
			},
			{
				"sectionNotes": [
					[
						70241,
						1,
						0
					],
					[
						70481,
						3,
						0
					],
					[
						70601,
						1,
						0
					],
					[
						70821,
						2,
						0
					],
					[
						70941,
						0,
						0
					],
					[
						71041,
						2,
						0
					],
					[
						71161,
						1,
						0
					],
					[
						71561,
						1,
						0
					],
					[
						71761,
						3,
						0
					],
					[
						71841,
						1,
						0
					],
					[
						71981,
						2,
						0
					],
					[
						71443.2692307692,
						2,
						0
					]
				],
				"lengthInSteps": 16,
				"mustHitSection": true
			},
			{
				"sectionNotes": [
					[
						72101,
						1,
						0
					],
					[
						72401,
						1,
						0
					],
					[
						72421,
						2,
						0
					],
					[
						72661,
						2,
						0
					],
					[
						72961,
						2,
						0
					],
					[
						73041,
						1,
						0
					],
					[
						73241,
						2,
						0
					],
					[
						73341,
						1,
						0
					],
					[
						73441,
						2,
						0
					],
					[
						73661,
						1,
						0
					]
				],
				"lengthInSteps": 16,
				"mustHitSection": true
			},
			{
				"sectionNotes": [
					[
						73913,
						2,
						0
					],
					[
						74113,
						2,
						0
					],
					[
						74233,
						1,
						0
					],
					[
						74433,
						3,
						0
					],
					[
						74553,
						0,
						0
					],
					[
						74773,
						2,
						0
					],
					[
						75313,
						2,
						0
					],
					[
						75433,
						1,
						0
					],
					[
						75573,
						3,
						0
					],
					[
						75673,
						1,
						0
					],
					[
						75326,
						1,
						0
					]
				],
				"lengthInSteps": 16,
				"mustHitSection": false
			},
			{
				"sectionNotes": [
					[
						75813,
						2,
						0
					],
					[
						76053,
						2,
						0
					],
					[
						76133,
						1,
						0
					],
					[
						76353,
						2,
						0
					],
					[
						76473,
						1,
						0
					],
					[
						76693,
						1,
						0
					],
					[
						76345,
						2,
						0
					],
					[
						76405,
						1,
						0
					],
					[
						76625,
						1,
						0
					],
					[
						77125,
						3,
						0
					]
				],
				"lengthInSteps": 16,
				"mustHitSection": false
			},
			{
				"sectionNotes": [
					[
						77565,
						2,
						0
					],
					[
						77685,
						1,
						0
					],
					[
						77805,
						3,
						0
					],
					[
						77945,
						1,
						0
					],
					[
						78185,
						2,
						0
					],
					[
						78365,
						1,
						0
					],
					[
						78445,
						3,
						0
					],
					[
						78605,
						1,
						0
					],
					[
						78785,
						2,
						0
					],
					[
						78845,
						1,
						0
					],
					[
						78965,
						2,
						0
					],
					[
						79165,
						1,
						0
					]
				],
				"lengthInSteps": 16,
				"mustHitSection": false
			},
			{
				"sectionNotes": [
					[
						79405,
						3,
						0
					],
					[
						79545,
						0,
						0
					],
					[
						79625,
						2,
						0
					],
					[
						79765,
						1,
						0
					],
					[
						79985,
						3,
						0
					],
					[
						80105,
						0,
						0
					],
					[
						80325,
						2,
						0
					],
					[
						80425,
						1,
						0
					],
					[
						80645,
						3,
						0
					],
					[
						80785,
						0,
						0
					],
					[
						80885,
						2,
						0
					]
				],
				"lengthInSteps": 16,
				"mustHitSection": false
			},
			{
				"sectionNotes": [
					[
						81283,
						2,
						0
					],
					[
						81483,
						2,
						0
					],
					[
						81603,
						3,
						0
					],
					[
						81783,
						3,
						0
					],
					[
						81903,
						1,
						0
					],
					[
						82143,
						2,
						0
					],
					[
						82643,
						3,
						0
					],
					[
						82763,
						0,
						0
					],
					[
						82863,
						2,
						0
					],
					[
						82983,
						1,
						0
					]
				],
				"lengthInSteps": 16,
				"mustHitSection": true
			},
			{
				"sectionNotes": [
					[
						83083,
						3,
						0
					],
					[
						83343,
						2,
						0
					],
					[
						83423,
						1,
						0
					],
					[
						83603,
						3,
						0
					],
					[
						83863,
						1,
						0
					],
					[
						84543,
						3,
						0
					],
					[
						83200.9615384615,
						3,
						0
					],
					[
						84230.7692307692,
						0,
						0
					],
					[
						84034.6153846153,
						2,
						0
					],
					[
						84692.3076923076,
						2,
						0
					],
					[
						84761.5384615384,
						1,
						0
					]
				],
				"lengthInSteps": 16,
				"mustHitSection": true
			},
			{
				"sectionNotes": [
					[
						85803,
						1,
						0
					],
					[
						86523,
						3,
						0
					],
					[
						86663,
						0,
						0
					],
					[
						86763,
						2,
						0
					],
					[
						84923.0769230769,
						3,
						0
					],
					[
						85153.8461538461,
						2,
						0
					],
					[
						85338.4615384615,
						1,
						0
					],
					[
						85534.6153846153,
						3,
						0
					],
					[
						85961.5384615384,
						2,
						0
					],
					[
						86097.1153846153,
						1,
						0
					],
					[
						86301.923076923,
						2,
						0
					],
					[
						86414.423076923,
						1,
						0
					]
				],
				"lengthInSteps": 16,
				"mustHitSection": true
			},
			{
				"sectionNotes": [
					[
						87803,
						0,
						0
					],
					[
						86848,
						2,
						0
					],
					[
						87049,
						2,
						0
					],
					[
						87109,
						3,
						0
					],
					[
						87383.6538461538,
						1,
						0
					],
					[
						87360.5769230769,
						0,
						0
					],
					[
						87628.8461538461,
						3,
						0
					],
					[
						87853.8461538461,
						3,
						0
					],
					[
						87983.6538461538,
						1,
						0
					],
					[
						88217.3076923076,
						3,
						230.769230769231
					],
					[
						88453.8461538461,
						1,
						115.384615384615
					]
				],
				"lengthInSteps": 16,
				"mustHitSection": true
			},
			{
				"sectionNotes": [
					[
						88669,
						0,
						0
					],
					[
						88749,
						1,
						0
					],
					[
						88849,
						2,
						0
					],
					[
						88929,
						3,
						0
					],
					[
						89109,
						0,
						0
					],
					[
						89189,
						1,
						0
					],
					[
						89289,
						2,
						0
					],
					[
						89408,
						3,
						0
					],
					[
						89549,
						0,
						0
					],
					[
						89589,
						1,
						0
					],
					[
						89649,
						2,
						0
					],
					[
						89749,
						3,
						0
					],
					[
						89789,
						0,
						0
					],
					[
						89829,
						1,
						0
					],
					[
						89929,
						2,
						0
					],
					[
						89969,
						3,
						0
					],
					[
						90029,
						0,
						0
					],
					[
						90089,
						1,
						0
					],
					[
						90149,
						2,
						0
					],
					[
						90209,
						3,
						0
					],
					[
						90289,
						0,
						0
					],
					[
						90329,
						1,
						0
					],
					[
						90369,
						2,
						0
					],
					[
						90449,
						3,
						0
					]
				],
				"lengthInSteps": 16,
				"mustHitSection": false
			},
			{
				"sectionNotes": [
					[
						90589,
						2,
						0
					],
					[
						90689,
						1,
						0
					],
					[
						90749,
						0,
						0
					],
					[
						90909,
						3,
						0
					],
					[
						91029,
						2,
						0
					],
					[
						91169,
						1,
						0
					],
					[
						91289,
						0,
						0
					],
					[
						91449,
						3,
						0
					],
					[
						91489,
						2,
						0
					],
					[
						91569,
						1,
						0
					],
					[
						91689,
						0,
						0
					],
					[
						91709,
						3,
						0
					],
					[
						91769,
						2,
						0
					],
					[
						91829,
						1,
						0
					],
					[
						91929,
						0,
						0
					],
					[
						91969,
						3,
						0
					],
					[
						92048,
						2,
						0
					],
					[
						92069,
						1,
						0
					],
					[
						92169,
						0,
						0
					],
					[
						92209,
						3,
						0
					],
					[
						92249,
						2,
						0
					]
				],
				"lengthInSteps": 16,
				"mustHitSection": false
			},
			{
				"sectionNotes": [
					[
						92309,
						1,
						0
					],
					[
						92449,
						2,
						0
					],
					[
						92589,
						1,
						0
					],
					[
						92689,
						3,
						0
					],
					[
						92809,
						0,
						0
					],
					[
						92929,
						2,
						0
					],
					[
						93049,
						1,
						0
					],
					[
						93169,
						3,
						0
					],
					[
						93269,
						0,
						0
					],
					[
						93389,
						2,
						0
					],
					[
						93469,
						1,
						0
					],
					[
						93489,
						3,
						0
					],
					[
						93549,
						0,
						0
					],
					[
						93629,
						2,
						0
					],
					[
						93689,
						1,
						0
					],
					[
						93729,
						3,
						0
					],
					[
						93789,
						0,
						0
					],
					[
						93889,
						2,
						0
					],
					[
						93949,
						1,
						0
					],
					[
						93989,
						3,
						0
					],
					[
						94069,
						0,
						0
					],
					[
						94109,
						2,
						0
					]
				],
				"lengthInSteps": 16,
				"mustHitSection": false
			},
			{
				"sectionNotes": [
					[
						94189,
						1,
						0
					],
					[
						94268,
						0,
						0
					],
					[
						94329,
						3,
						0
					],
					[
						94389,
						2,
						0
					],
					[
						94529,
						1,
						0
					],
					[
						94609,
						0,
						0
					],
					[
						94768,
						3,
						0
					],
					[
						94849,
						2,
						0
					],
					[
						95009,
						1,
						0
					],
					[
						95089,
						0,
						0
					],
					[
						95189,
						3,
						0
					],
					[
						95249,
						3,
						0
					],
					[
						95289,
						2,
						0
					],
					[
						95349,
						1,
						0
					],
					[
						95429,
						0,
						0
					],
					[
						95489,
						3,
						0
					],
					[
						95548,
						2,
						0
					],
					[
						95589,
						1,
						0
					],
					[
						95689,
						0,
						0
					],
					[
						95729,
						3,
						0
					],
					[
						95769,
						2,
						0
					],
					[
						95849,
						1,
						0
					],
					[
						95909,
						0,
						0
					],
					[
						95929,
						3,
						0
					],
					[
						95969,
						2,
						0
					]
				],
				"lengthInSteps": 16,
				"mustHitSection": false
			},
			{
				"sectionNotes": [
					[
						96109,
						2,
						0
					],
					[
						96209,
						3,
						0
					],
					[
						96349,
						0,
						0
					],
					[
						96529,
						2,
						0
					],
					[
						96609,
						3,
						0
					],
					[
						96729,
						0,
						0
					],
					[
						96809,
						1,
						0
					],
					[
						96949,
						3,
						0
					],
					[
						97009,
						2,
						0
					],
					[
						97129,
						0,
						0
					],
					[
						97169,
						1,
						0
					],
					[
						97229,
						3,
						0
					],
					[
						97269,
						2,
						0
					],
					[
						97348,
						0,
						0
					],
					[
						97409,
						1,
						0
					],
					[
						97489,
						3,
						0
					],
					[
						97529,
						2,
						0
					],
					[
						97589,
						0,
						0
					],
					[
						97649,
						1,
						0
					],
					[
						97729,
						3,
						0
					],
					[
						97768,
						2,
						0
					],
					[
						95999.9999999999,
						1,
						0
					]
				],
				"lengthInSteps": 16,
				"mustHitSection": true
			},
			{
				"sectionNotes": [
					[
						97869,
						0,
						0
					],
					[
						97869,
						1,
						0
					],
					[
						98009,
						2,
						0
					],
					[
						98089,
						3,
						0
					],
					[
						98209,
						1,
						0
					],
					[
						98289,
						0,
						0
					],
					[
						98389,
						2,
						0
					],
					[
						98509,
						3,
						0
					],
					[
						98628,
						1,
						0
					],
					[
						98749,
						0,
						0
					],
					[
						98849,
						2,
						0
					],
					[
						99144.2307692307,
						2,
						0
					],
					[
						99369.2307692307,
						3,
						0
					],
					[
						99527.8846153846,
						1,
						0
					],
					[
						99014.423076923,
						3,
						0
					]
				],
				"lengthInSteps": 16,
				"mustHitSection": true
			},
			{
				"sectionNotes": [
					[
						99769,
						3,
						0
					],
					[
						99829,
						2,
						0
					],
					[
						99929,
						1,
						0
					],
					[
						99988,
						0,
						0
					],
					[
						100129,
						3,
						0
					],
					[
						100209,
						2,
						0
					],
					[
						100349,
						1,
						0
					],
					[
						100449,
						0,
						0
					],
					[
						100609,
						3,
						0
					],
					[
						100669,
						2,
						0
					],
					[
						100749,
						1,
						0
					],
					[
						100809,
						0,
						0
					],
					[
						100848,
						3,
						0
					],
					[
						100909,
						2,
						0
					],
					[
						100949,
						1,
						0
					],
					[
						101009,
						0,
						0
					],
					[
						101069,
						3,
						0
					],
					[
						101129,
						2,
						0
					],
					[
						101169,
						1,
						0
					],
					[
						101249,
						0,
						0
					],
					[
						101309,
						3,
						0
					],
					[
						101389,
						2,
						0
					],
					[
						101389,
						1,
						0
					],
					[
						101489,
						0,
						0
					]
				],
				"lengthInSteps": 16,
				"mustHitSection": true
			},
			{
				"sectionNotes": [
					[
						101569,
						2,
						0
					],
					[
						101649,
						3,
						0
					],
					[
						101789,
						1,
						0
					],
					[
						101849,
						0,
						0
					],
					[
						102009,
						2,
						0
					],
					[
						102109,
						3,
						0
					],
					[
						102229,
						1,
						0
					],
					[
						102349,
						0,
						0
					],
					[
						102489,
						2,
						0
					],
					[
						102689,
						2,
						0
					],
					[
						102809,
						3,
						0
					],
					[
						103029,
						3,
						0
					],
					[
						103174.038461538,
						1,
						461.538461538462
					]
				],
				"lengthInSteps": 16,
				"mustHitSection": true
			},
			{
				"sectionNotes": [
					[
						103389,
						2,
						0
					],
					[
						103488,
						1,
						0
					],
					[
						103649,
						3,
						0
					],
					[
						103769,
						0,
						0
					],
					[
						103869,
						2,
						0
					],
					[
						103949,
						1,
						0
					],
					[
						104089,
						3,
						0
					],
					[
						104149,
						0,
						0
					],
					[
						104289,
						3,
						0
					],
					[
						104329,
						2,
						0
					],
					[
						104409,
						1,
						0
					],
					[
						104449,
						0,
						0
					],
					[
						104529,
						3,
						0
					],
					[
						104609,
						2,
						0
					],
					[
						104649,
						1,
						0
					],
					[
						104689,
						0,
						0
					],
					[
						104768,
						3,
						0
					],
					[
						104809,
						2,
						0
					],
					[
						104849,
						1,
						0
					],
					[
						104929,
						0,
						0
					],
					[
						104989,
						3,
						0
					],
					[
						105029,
						2,
						0
					],
					[
						105089,
						1,
						0
					],
					[
						105169,
						0,
						0
					]
				],
				"lengthInSteps": 16,
				"mustHitSection": false
			},
			{
				"sectionNotes": [
					[
						105269,
						2,
						0
					],
					[
						105409,
						1,
						0
					],
					[
						105469,
						3,
						0
					],
					[
						105609,
						0,
						0
					],
					[
						105689,
						2,
						0
					],
					[
						105809,
						1,
						0
					],
					[
						105909,
						3,
						0
					],
					[
						106029,
						0,
						0
					],
					[
						106149,
						2,
						0
					],
					[
						106369,
						2,
						0
					],
					[
						106488,
						1,
						0
					],
					[
						106689,
						1,
						0
					],
					[
						106849,
						2,
						0
					],
					[
						107049,
						3,
						0
					]
				],
				"lengthInSteps": 16,
				"mustHitSection": false
			},
			{
				"sectionNotes": [
					[
						107169,
						2,
						0
					],
					[
						107249,
						1,
						0
					],
					[
						107329,
						0,
						0
					],
					[
						107469,
						3,
						0
					],
					[
						107569,
						2,
						0
					],
					[
						107689,
						1,
						0
					],
					[
						107809,
						0,
						0
					],
					[
						107949,
						3,
						0
					],
					[
						107989,
						2,
						0
					],
					[
						108089,
						1,
						0
					],
					[
						108169,
						0,
						0
					],
					[
						108209,
						2,
						0
					],
					[
						108268,
						3,
						0
					],
					[
						108349,
						1,
						0
					],
					[
						108429,
						0,
						0
					],
					[
						108449,
						2,
						0
					],
					[
						108549,
						3,
						0
					],
					[
						108609,
						1,
						0
					],
					[
						108669,
						0,
						0
					],
					[
						108669,
						2,
						0
					],
					[
						108769,
						3,
						0
					],
					[
						108829,
						1,
						0
					],
					[
						108889,
						0,
						0
					]
				],
				"lengthInSteps": 16,
				"mustHitSection": false
			},
			{
				"sectionNotes": [
					[
						108949,
						2,
						0
					],
					[
						109069,
						1,
						0
					],
					[
						109169,
						3,
						0
					],
					[
						109309,
						0,
						0
					],
					[
						109389,
						2,
						0
					],
					[
						109489,
						1,
						0
					],
					[
						109609,
						3,
						0
					],
					[
						109709,
						0,
						0
					],
					[
						109849,
						2,
						0
					],
					[
						110048,
						2,
						0
					],
					[
						110169,
						1,
						0
					],
					[
						110369,
						2,
						0
					],
					[
						110509,
						1,
						0
					],
					[
						110689,
						3,
						0
					]
				],
				"lengthInSteps": 16,
				"mustHitSection": false
			},
			{
				"sectionNotes": [
					[
						110809,
						2,
						0
					],
					[
						110969,
						0,
						0
					],
					[
						111029,
						1,
						0
					],
					[
						111189,
						3,
						0
					],
					[
						111289,
						2,
						0
					],
					[
						111409,
						0,
						0
					],
					[
						111489,
						1,
						0
					],
					[
						111649,
						3,
						0
					],
					[
						111709,
						2,
						0
					],
					[
						111809,
						0,
						0
					],
					[
						111889,
						1,
						0
					],
					[
						111969,
						3,
						0
					],
					[
						112029,
						2,
						0
					],
					[
						112069,
						0,
						0
					],
					[
						112129,
						1,
						0
					],
					[
						112208,
						3,
						0
					],
					[
						112249,
						2,
						0
					],
					[
						112289,
						0,
						0
					],
					[
						112349,
						1,
						0
					],
					[
						112409,
						3,
						0
					],
					[
						112449,
						2,
						0
					],
					[
						112529,
						0,
						0
					],
					[
						112569,
						1,
						0
					],
					[
						110809,
						6,
						0
					],
					[
						110969,
						4,
						0
					],
					[
						111029,
						5,
						0
					],
					[
						111189,
						7,
						0
					],
					[
						111289,
						6,
						0
					],
					[
						111409,
						4,
						0
					],
					[
						111489,
						5,
						0
					],
					[
						111649,
						7,
						0
					],
					[
						111709,
						6,
						0
					],
					[
						111809,
						4,
						0
					],
					[
						111889,
						5,
						0
					],
					[
						111969,
						7,
						0
					],
					[
						112029,
						6,
						0
					],
					[
						112069,
						4,
						0
					],
					[
						112129,
						5,
						0
					],
					[
						112208,
						7,
						0
					],
					[
						112249,
						6,
						0
					],
					[
						112289,
						4,
						0
					],
					[
						112349,
						5,
						0
					],
					[
						112409,
						7,
						0
					],
					[
						112449,
						6,
						0
					],
					[
						112529,
						4,
						0
					],
					[
						112569,
						5,
						0
					]
				],
				"lengthInSteps": 16,
				"mustHitSection": false
			},
			{
				"sectionNotes": [
					[
						112669,
						2,
						0
					],
					[
						112789,
						1,
						0
					],
					[
						112889,
						3,
						0
					],
					[
						113029,
						0,
						0
					],
					[
						113109,
						2,
						0
					],
					[
						113229,
						1,
						0
					],
					[
						113369,
						3,
						0
					],
					[
						113488,
						0,
						0
					],
					[
						113569,
						2,
						0
					],
					[
						113789,
						2,
						0
					],
					[
						113889,
						3,
						0
					],
					[
						114109,
						3,
						0
					],
					[
						114229,
						1,
						0
					],
					[
						112669,
						6,
						0
					],
					[
						112789,
						5,
						0
					],
					[
						112889,
						7,
						0
					],
					[
						113029,
						4,
						0
					],
					[
						113109,
						6,
						0
					],
					[
						113229,
						5,
						0
					],
					[
						113369,
						7,
						0
					],
					[
						113488,
						4,
						0
					],
					[
						113569,
						6,
						0
					],
					[
						113789,
						6,
						0
					],
					[
						113889,
						7,
						0
					],
					[
						114109,
						7,
						0
					],
					[
						114229,
						5,
						0
					]
				],
				"lengthInSteps": 16,
				"mustHitSection": true
			},
			{
				"sectionNotes": [
					[
						114529,
						2,
						0
					],
					[
						114609,
						0,
						0
					],
					[
						114709,
						1,
						0
					],
					[
						114889,
						3,
						0
					],
					[
						114969,
						2,
						0
					],
					[
						115129,
						0,
						0
					],
					[
						115189,
						1,
						0
					],
					[
						115369,
						3,
						0
					],
					[
						115449,
						2,
						0
					],
					[
						115549,
						0,
						0
					],
					[
						115569,
						1,
						0
					],
					[
						115649,
						3,
						0
					],
					[
						115729,
						2,
						0
					],
					[
						115789,
						0,
						0
					],
					[
						115809,
						1,
						0
					],
					[
						115909,
						3,
						0
					],
					[
						115969,
						2,
						0
					],
					[
						116009,
						0,
						0
					],
					[
						116069,
						1,
						0
					],
					[
						116128,
						3,
						0
					],
					[
						116209,
						2,
						0
					],
					[
						116269,
						0,
						0
					],
					[
						116289,
						1,
						0
					],
					[
						114529,
						6,
						0
					],
					[
						114609,
						4,
						0
					],
					[
						114709,
						5,
						0
					],
					[
						114889,
						7,
						0
					],
					[
						114969,
						6,
						0
					],
					[
						115129,
						4,
						0
					],
					[
						115189,
						5,
						0
					],
					[
						115369,
						7,
						0
					],
					[
						115449,
						6,
						0
					],
					[
						115549,
						4,
						0
					],
					[
						115569,
						5,
						0
					],
					[
						115649,
						7,
						0
					],
					[
						115729,
						6,
						0
					],
					[
						115789,
						4,
						0
					],
					[
						115809,
						5,
						0
					],
					[
						115909,
						7,
						0
					],
					[
						115969,
						6,
						0
					],
					[
						116009,
						4,
						0
					],
					[
						116069,
						5,
						0
					],
					[
						116128,
						7,
						0
					],
					[
						116209,
						6,
						0
					],
					[
						116269,
						4,
						0
					],
					[
						116289,
						5,
						0
					]
				],
				"lengthInSteps": 16,
				"mustHitSection": false
			},
			{
				"sectionNotes": [
					[
						116369,
						2,
						0
					],
					[
						116449,
						3,
						0
					],
					[
						116569,
						1,
						0
					],
					[
						116689,
						0,
						0
					],
					[
						116789,
						2,
						0
					],
					[
						116869,
						3,
						0
					],
					[
						117029,
						1,
						0
					],
					[
						117089,
						0,
						0
					],
					[
						117209,
						2,
						0
					],
					[
						117408,
						2,
						0
					],
					[
						117569,
						1,
						0
					],
					[
						117769,
						1,
						0
					],
					[
						117889,
						2,
						0
					],
					[
						118009,
						1,
						0
					],
					[
						116369,
						6,
						0
					],
					[
						116449,
						7,
						0
					],
					[
						116569,
						5,
						0
					],
					[
						116689,
						4,
						0
					],
					[
						116789,
						6,
						0
					],
					[
						116869,
						7,
						0
					],
					[
						117029,
						5,
						0
					],
					[
						117089,
						4,
						0
					],
					[
						117209,
						6,
						0
					],
					[
						117408,
						6,
						0
					],
					[
						117569,
						5,
						0
					],
					[
						117769,
						5,
						0
					],
					[
						117889,
						6,
						0
					],
					[
						118009,
						5,
						0
					],
					[
						118129,
						7,
						0
					],
					[
						118139.423076923,
						3,
						692.307692307692
					]
				],
				"lengthInSteps": 16,
				"mustHitSection": true
			},
			{
				"sectionNotes": [],
				"lengthInSteps": 16,
				"mustHitSection": true
			},
			{
				"typeOfSection": 0,
				"sectionNotes": [],
				"sectionBeats": 4,
				"altAnim": false,
				"gfSection": false,
				"bpm": 180,
				"changeBPM": false,
				"mustHitSection": true
			},
			{
				"typeOfSection": 0,
				"sectionNotes": [],
				"sectionBeats": 4,
				"altAnim": false,
				"gfSection": false,
				"bpm": 230,
				"changeBPM": false,
				"mustHitSection": true
			},
			{
				"typeOfSection": 0,
				"sectionNotes": [],
				"sectionBeats": 4,
				"altAnim": false,
				"gfSection": false,
				"bpm": 230,
				"changeBPM": false,
				"mustHitSection": true
			},
			{
				"typeOfSection": 0,
				"sectionNotes": [],
				"sectionBeats": 4,
				"altAnim": false,
				"gfSection": false,
				"bpm": 230,
				"changeBPM": false,
				"mustHitSection": true
			},
			{
				"typeOfSection": 0,
				"sectionNotes": [],
				"sectionBeats": 4,
				"altAnim": false,
				"gfSection": false,
				"bpm": 230,
				"changeBPM": false,
				"mustHitSection": true
			},
			{
				"typeOfSection": 0,
				"sectionNotes": [],
				"sectionBeats": 4,
				"altAnim": false,
				"gfSection": false,
				"bpm": 115,
				"changeBPM": false,
				"mustHitSection": true
			},
			{
				"typeOfSection": 0,
				"sectionNotes": [],
				"sectionBeats": 4,
				"altAnim": false,
				"gfSection": false,
				"bpm": 115,
				"changeBPM": false,
				"mustHitSection": true
			},
			{
				"typeOfSection": 0,
				"sectionNotes": [],
				"sectionBeats": 4,
				"altAnim": false,
				"gfSection": false,
				"bpm": 115,
				"changeBPM": false,
				"mustHitSection": true
			},
			{
				"typeOfSection": 0,
				"sectionNotes": [],
				"sectionBeats": 4,
				"altAnim": false,
				"gfSection": false,
				"bpm": 115,
				"changeBPM": false,
				"mustHitSection": true
			},
			{
				"typeOfSection": 0,
				"sectionNotes": [],
				"sectionBeats": 4,
				"altAnim": false,
				"gfSection": false,
				"bpm": 115,
				"changeBPM": false,
				"mustHitSection": true
			},
			{
				"typeOfSection": 0,
				"sectionNotes": [],
				"sectionBeats": 4,
				"altAnim": false,
				"gfSection": false,
				"bpm": 115,
				"changeBPM": false,
				"mustHitSection": true
			},
			{
				"typeOfSection": 0,
				"sectionNotes": [],
				"sectionBeats": 4,
				"altAnim": false,
				"gfSection": false,
				"bpm": 115,
				"changeBPM": false,
				"mustHitSection": true
			},
			{
				"typeOfSection": 0,
				"sectionNotes": [],
				"sectionBeats": 4,
				"altAnim": false,
				"gfSection": false,
				"bpm": 115,
				"changeBPM": false,
				"mustHitSection": true
			},
			{
				"typeOfSection": 0,
				"sectionNotes": [],
				"sectionBeats": 4,
				"altAnim": false,
				"gfSection": false,
				"bpm": 115,
				"changeBPM": false,
				"mustHitSection": true
			},
			{
				"typeOfSection": 0,
				"sectionNotes": [],
				"sectionBeats": 4,
				"altAnim": false,
				"gfSection": false,
				"bpm": 115,
				"changeBPM": false,
				"mustHitSection": true
			},
			{
				"typeOfSection": 0,
				"sectionNotes": [],
				"sectionBeats": 4,
				"altAnim": false,
				"gfSection": false,
				"bpm": 115,
				"changeBPM": false,
				"mustHitSection": true
			},
			{
				"typeOfSection": 0,
				"sectionNotes": [],
				"sectionBeats": 4,
				"altAnim": false,
				"gfSection": false,
				"bpm": 115,
				"changeBPM": false,
				"mustHitSection": true
			},
			{
				"sectionBeats": 4,
				"sectionNotes": [],
				"typeOfSection": 0,
				"gfSection": false,
				"altAnim": false,
				"mustHitSection": true,
				"changeBPM": false,
				"bpm": 115
			},
			{
				"sectionBeats": 4,
				"sectionNotes": [],
				"typeOfSection": 0,
				"gfSection": false,
				"altAnim": false,
				"mustHitSection": true,
				"changeBPM": false,
				"bpm": 130
			},
			{
				"sectionBeats": 4,
				"sectionNotes": [],
				"typeOfSection": 0,
				"gfSection": false,
				"altAnim": false,
				"mustHitSection": true,
				"changeBPM": false,
				"bpm": 130
			},
			{
				"gfSection": false,
				"altAnim": false,
				"typeOfSection": 0,
				"sectionNotes": [],
				"bpm": 130,
				"sectionBeats": 4,
				"changeBPM": false,
				"mustHitSection": true
			},
			{
				"gfSection": false,
				"altAnim": false,
				"typeOfSection": 0,
				"sectionNotes": [],
				"bpm": 130,
				"sectionBeats": 4,
				"changeBPM": false,
				"mustHitSection": true
			},
			{
				"gfSection": false,
				"altAnim": false,
				"typeOfSection": 0,
				"sectionNotes": [],
				"bpm": 130,
				"sectionBeats": 4,
				"changeBPM": false,
				"mustHitSection": true
			}
		],
		"player2": "black-full-black",
		"player3": null,
		"song": "black-full-black",
		"arrowSkin": "",
		"stage": "hypixel",
		"needsVoices": true,
		"validScore": true,
		"bpm": 130,
		"speed": 2.3
	}
}